"data_scenario","algorithm","resampling","feature_selection","imputation_num","imputation_cat","encoding","fold","TARGET","auc","sen","spec","accu","ID","gmean"
1,"xgbDART","none","FFS","DROP","UNKNOWN","LABEL",1,"year1",0.599837909163055,0.0172143974960876,0.995045239121068,0.876727892444613,"1.12",0.130878203963913
4,"xgbDART","none","FFS","DROP","DROP","LABEL",1,"year1",0.616263454849223,0.00551724137931034,0.998610007942812,0.87363304981774,"4.12",0.0742264943104247
5,"xgbDART","none","FFS","MEDIAN","UNKNOWN","LABEL",1,"year1",0.612850604983518,0.00873015873015873,0.998839757638262,0.860485749140512,"5.12",0.0933810988914529
8,"xgbDART","none","FFS","MEDIAN","DROP","LABEL",1,"year1",0.60220107261239,0.0347912524850895,0.993156011821434,0.863483523873571,"8.12",0.185884753447839
9,"xgbDART","none","FFS","DROP","UNKNOWN","HARD",1,"year1",0.589862647569076,0.0250391236306729,0.994829814735028,0.877485324749101,"9.12",0.157827965591114
12,"xgbDART","none","FFS","DROP","DROP","HARD",1,"year1",0.588631782202624,0.00413793103448276,0.99900714853058,0.873806630793265,"12.12",0.064294810704868
13,"xgbDART","none","FFS","MEDIAN","UNKNOWN","HARD",1,"year1",0.617188468787025,0.0103174603174603,0.998324094366379,0.860263945880004,"13.12",0.101489749371991
16,"xgbDART","none","FFS","MEDIAN","DROP","HARD",1,"year1",0.60220107261239,0.0347912524850895,0.993156011821434,0.863483523873571,"16.12",0.185884753447839
1,"xgbDART","down","FFS","DROP","UNKNOWN","LABEL",1,"year1",0.621602346136757,0.539906103286385,0.654890133563119,0.640977087672789,"1.3.6",0.594625243403578
4,"xgbDART","down","FFS","DROP","DROP","LABEL",1,"year1",0.618038673276547,0.572413793103448,0.596703733121525,0.593646936295782,"4.3.6",0.584432585706067
5,"xgbDART","down","FFS","MEDIAN","UNKNOWN","LABEL",1,"year1",0.613282677602003,0.546031746031746,0.627046538610287,0.615725851170012,"5.3.6",0.585138715451762
8,"xgbDART","down","FFS","MEDIAN","DROP","LABEL",1,"year1",0.619584638691416,0.482107355864811,0.689065173432882,0.661062542030935,"8.3.6",0.576370877805475
9,"xgbDART","down","FFS","DROP","UNKNOWN","HARD",1,"year1",0.619771913110141,0.552425665101721,0.64218009478673,0.63131982579057,"9.3.6",0.595614611957804
12,"xgbDART","down","FFS","DROP","DROP","HARD",1,"year1",0.602243159595738,0.478620689655172,0.675536139793487,0.650755077243534,"12.3.6",0.568617246585919
13,"xgbDART","down","FFS","MEDIAN","UNKNOWN","HARD",1,"year1",0.624639649594529,0.596825396825397,0.600489880108289,0.599977819673949,"13.3.6",0.598654834596084
16,"xgbDART","down","FFS","MEDIAN","DROP","HARD",1,"year1",0.619584638691416,0.482107355864811,0.689065173432882,0.661062542030935,"16.3.6",0.576370877805475
1,"xgbDART","up","FFS","DROP","UNKNOWN","LABEL",1,"year1",0.607582904675889,0.496087636932707,0.66803102111159,0.647225904184814,"1.4.6",0.575675195453992
4,"xgbDART","up","FFS","DROP","DROP","LABEL",1,"year1",0.605922735613924,0.482758620689655,0.664614773629865,0.64172886651623,"4.4.6",0.566434913655153
5,"xgbDART","up","FFS","MEDIAN","UNKNOWN","LABEL",1,"year1",0.61725696810459,0.542857142857143,0.640067036225345,0.626483309304647,"5.4.6",0.589461586977752
8,"xgbDART","up","FFS","MEDIAN","DROP","LABEL",1,"year1",0.614667261634735,0.481113320079523,0.6882874475035,0.660255548083389,"8.4.6",0.575451352450812
9,"xgbDART","up","FFS","DROP","UNKNOWN","HARD",1,"year1",0.62251511847667,0.5320813771518,0.654674709177079,0.639840939216058,"9.4.6",0.590203541878049
12,"xgbDART","up","FFS","DROP","DROP","HARD",1,"year1",0.591647037878996,0.475862068965517,0.64813343923749,0.626453740670023,"12.4.6",0.555357649952973
13,"xgbDART","up","FFS","MEDIAN","UNKNOWN","HARD",1,"year1",0.613435688400237,0.528571428571429,0.643676679128529,0.627592325607186,"13.4.6",0.583291609595989
16,"xgbDART","up","FFS","MEDIAN","DROP","HARD",1,"year1",0.614667261634735,0.481113320079523,0.6882874475035,0.660255548083389,"16.4.6",0.575451352450812
1,"xgbDART","rose","FFS","DROP","UNKNOWN","LABEL",1,"year1",0.597880716247314,0.165884194053208,0.895303748384317,0.807044120431736,"1.5.6",0.385378697820143
4,"xgbDART","rose","FFS","DROP","DROP","LABEL",1,"year1",0.586295910821397,0.31448275862069,0.778395552025417,0.720013886478042,"4.5.6",0.494764570779909
5,"xgbDART","rose","FFS","MEDIAN","UNKNOWN","LABEL",1,"year1",0.605629886779171,0.276190476190476,0.841304628077865,0.762337806365754,"5.5.6",0.482037680944215
8,"xgbDART","rose","FFS","MEDIAN","DROP","LABEL",1,"year1",0.602833999270824,0.31013916500994,0.806035153212008,0.738937457969065,"8.5.6",0.499983069099176
9,"xgbDART","rose","FFS","DROP","UNKNOWN","HARD",1,"year1",0.59912252489517,0.164319248826291,0.903059026281775,0.813671653096005,"9.5.6",0.385214201249672
12,"xgbDART","rose","FFS","DROP","DROP","HARD",1,"year1",0.563416504615047,0.331034482758621,0.747021445591739,0.69467106405138,"12.5.6",0.497282472897506
13,"xgbDART","rose","FFS","MEDIAN","UNKNOWN","HARD",1,"year1",0.601672989680594,0.151587301587302,0.918396287224442,0.811245425307752,"13.5.6",0.373118231889236
16,"xgbDART","rose","FFS","MEDIAN","DROP","HARD",1,"year1",0.602833999270824,0.31013916500994,0.806035153212008,0.738937457969065,"16.5.6",0.499983069099176
1,"xgbDART","smote","FFS","DROP","UNKNOWN","LABEL",1,"year1",0.581699951251383,0.120500782472613,0.932572167169324,0.834311683393297,"1.6.6",0.335224813902677
4,"xgbDART","smote","FFS","DROP","DROP","LABEL",1,"year1",0.590736764262826,0.219310344827586,0.836775218427323,0.759069605971186,"4.6.6",0.428384712258123
5,"xgbDART","smote","FFS","MEDIAN","UNKNOWN","LABEL",1,"year1",0.594994843367281,0.204761904761905,0.872502256026815,0.779194854164356,"5.6.6",0.422676263649983
8,"xgbDART","smote","FFS","MEDIAN","DROP","LABEL",1,"year1",0.595869177530864,0.13220675944334,0.934826567117748,0.826227303295225,"8.6.6",0.351554250550579
9,"xgbDART","smote","FFS","DROP","UNKNOWN","HARD",1,"year1",0.588473345699165,0.140845070422535,0.924170616113744,0.829388373414126,"9.6.6",0.36078369629042
12,"xgbDART","smote","FFS","DROP","DROP","HARD",1,"year1",0.576632795595848,0.244137931034483,0.835980937251787,0.761499739628537,"12.6.6",0.451768365874503
13,"xgbDART","smote","FFS","MEDIAN","UNKNOWN","HARD",1,"year1",0.589868188691832,0.214285714285714,0.858966095139874,0.768881002550738,"13.6.6",0.429026995938785
16,"xgbDART","smote","FFS","MEDIAN","DROP","HARD",1,"year1",0.595869177530864,0.13220675944334,0.934826567117748,0.826227303295225,"16.6.6",0.351554250550579
1,"xgbDART","none","FFS","DROP","UNKNOWN","LABEL",2,"year1",0.588900397902263,0.0275974025974026,0.994402985074627,0.884926470588235,"1.12.1",0.165659106369567
4,"xgbDART","none","FFS","DROP","DROP","LABEL",2,"year1",0.597217467632214,0.00142857142857143,0.999231950844854,0.881008801624915,"4.12.1",0.0377819297481302
5,"xgbDART","none","FFS","MEDIAN","UNKNOWN","LABEL",2,"year1",0.601650617905344,0,0.999359467076608,0.865143617611179,"5.12.1",0
8,"xgbDART","none","FFS","MEDIAN","DROP","LABEL",2,"year1",0.584679279234217,0.0385015608740895,0.992242166108914,0.870603848706038,"8.12.1",0.195455550344012
9,"xgbDART","none","FFS","DROP","UNKNOWN","HARD",2,"year1",0.579788422605586,0.0275974025974026,0.995854063018242,0.886213235294118,"9.12.1",0.165779930948754
12,"xgbDART","none","FFS","DROP","DROP","HARD",2,"year1",0.586854290103138,0,0.999807987711213,0.881347325660122,"12.12.1",0
13,"xgbDART","none","FFS","MEDIAN","UNKNOWN","HARD",2,"year1",0.609515262032445,0.00412881915772089,0.998590827568537,0.865032715980925,"13.12.1",0.0642105983431811
16,"xgbDART","none","FFS","MEDIAN","DROP","HARD",2,"year1",0.584679279234217,0.0385015608740895,0.992242166108914,0.870603848706038,"16.12.1",0.195455550344012
1,"xgbDART","down","FFS","DROP","UNKNOWN","LABEL",2,"year1",0.598691135771359,0.522727272727273,0.620854063018242,0.609742647058824,"1.3.6.1",0.569681798132231
4,"xgbDART","down","FFS","DROP","DROP","LABEL",2,"year1",0.604913594470046,0.534285714285714,0.629224270353303,0.617975626269465,"4.3.6.1",0.579815090120654
5,"xgbDART","down","FFS","MEDIAN","UNKNOWN","LABEL",2,"year1",0.604065072644156,0.549958711808423,0.610043556238791,0.601974049018521,"5.3.6.1",0.579222555099605
8,"xgbDART","down","FFS","MEDIAN","DROP","LABEL",2,"year1",0.611449512426685,0.535900104058273,0.628536659567995,0.61672196416722,"8.3.6.1",0.580373036302452
9,"xgbDART","down","FFS","DROP","UNKNOWN","HARD",2,"year1",0.60113040721716,0.50974025974026,0.656301824212272,0.639705882352941,"9.3.6.1",0.578397322211963
12,"xgbDART","down","FFS","DROP","DROP","HARD",2,"year1",0.595698101821374,0.488571428571429,0.668202764976959,0.646919431279621,"12.3.6.1",0.571370964838231
13,"xgbDART","down","FFS","MEDIAN","UNKNOWN","HARD",2,"year1",0.6092743878018,0.522708505367465,0.651806302843966,0.634468226682932,"13.3.6.1",0.583699150546463
16,"xgbDART","down","FFS","MEDIAN","DROP","HARD",2,"year1",0.611449512426685,0.535900104058273,0.628536659567995,0.61672196416722,"16.3.6.1",0.580373036302452
1,"xgbDART","up","FFS","DROP","UNKNOWN","LABEL",2,"year1",0.597841757123473,0.491883116883117,0.652985074626866,0.634742647058824,"1.4.6.1",0.566738329201067
4,"xgbDART","up","FFS","DROP","DROP","LABEL",2,"year1",0.60772863177529,0.528571428571429,0.621927803379416,0.610866621530129,"4.4.6.1",0.573352655440392
5,"xgbDART","up","FFS","MEDIAN","UNKNOWN","LABEL",2,"year1",0.598849621911029,0.552436003303055,0.604919292851653,0.597870688699124,"5.4.6.1",0.57808234401673
8,"xgbDART","up","FFS","MEDIAN","DROP","LABEL",2,"year1",0.614544589143939,0.49843912591051,0.667934286583511,0.646317186463172,"8.4.6.1",0.576996171538724
9,"xgbDART","up","FFS","DROP","UNKNOWN","HARD",2,"year1",0.600920081680343,0.512987012987013,0.646351575456053,0.63125,"9.4.6.1",0.575821121558293
12,"xgbDART","up","FFS","DROP","DROP","HARD",2,"year1",0.599237162606979,0.495714285714286,0.648617511520737,0.630501015572106,"12.4.6.1",0.567035242665991
13,"xgbDART","up","FFS","MEDIAN","UNKNOWN","HARD",2,"year1",0.608812103924801,0.549958711808423,0.61094030233154,0.602750360430298,"13.4.6.1",0.579648118829089
16,"xgbDART","up","FFS","MEDIAN","DROP","HARD",2,"year1",0.614544589143939,0.49843912591051,0.667934286583511,0.646317186463172,"16.4.6.1",0.576996171538724
1,"xgbDART","rose","FFS","DROP","UNKNOWN","LABEL",2,"year1",0.595713935732593,0.271103896103896,0.84742951907131,0.782169117647059,"1.5.6.1",0.479313513572988
4,"xgbDART","rose","FFS","DROP","DROP","LABEL",2,"year1",0.588815147026552,0.505714285714286,0.640745007680492,0.624746106973595,"4.5.6.1",0.56923975957775
5,"xgbDART","rose","FFS","MEDIAN","UNKNOWN","LABEL",2,"year1",0.59767450052713,0.439306358381503,0.685498334614399,0.652434290784075,"5.5.6.1",0.548765685020516
8,"xgbDART","rose","FFS","MEDIAN","DROP","LABEL",2,"year1",0.579841693398805,0.305931321540062,0.808792211743231,0.744658261446583,"8.5.6.1",0.497428256324384
9,"xgbDART","rose","FFS","DROP","UNKNOWN","HARD",2,"year1",0.589452292110874,0.172077922077922,0.911691542288557,0.827941176470588,"9.5.6.1",0.396083307112318
12,"xgbDART","rose","FFS","DROP","DROP","HARD",2,"year1",0.575789170506912,0.46,0.649769585253456,0.627285037237644,"12.5.6.1",0.546711998420183
13,"xgbDART","rose","FFS","MEDIAN","UNKNOWN","HARD",2,"year1",0.600904775233771,0.355904211395541,0.78145016653856,0.724298547188644,"13.5.6.1",0.527372169598302
16,"xgbDART","rose","FFS","MEDIAN","DROP","HARD",2,"year1",0.579841693398805,0.305931321540062,0.808792211743231,0.744658261446583,"16.5.6.1",0.497428256324384
1,"xgbDART","smote","FFS","DROP","UNKNOWN","LABEL",2,"year1",0.583288239538239,0.147727272727273,0.920605306799337,0.833088235294118,"1.6.6.1",0.368779759791288
4,"xgbDART","smote","FFS","DROP","DROP","LABEL",2,"year1",0.587016814790432,0.22,0.835829493087558,0.762863913337847,"4.6.6.1",0.428815214841151
5,"xgbDART","smote","FFS","MEDIAN","UNKNOWN","LABEL",2,"year1",0.583618214450211,0.230388109000826,0.850883935434281,0.76755018298769,"5.6.6.1",0.442756751347605
8,"xgbDART","smote","FFS","MEDIAN","DROP","LABEL",2,"year1",0.583258885395657,0.14047866805411,0.927137207179799,0.826808228268082,"8.6.6.1",0.360891950544794
9,"xgbDART","smote","FFS","DROP","UNKNOWN","HARD",2,"year1",0.584667975059766,0.136363636363636,0.928275290215589,0.838602941176471,"9.6.6.1",0.355785039202476
12,"xgbDART","smote","FFS","DROP","DROP","HARD",2,"year1",0.57014400921659,0.248571428571429,0.84331797235023,0.772850372376439,"12.6.6.1",0.45784795852669
13,"xgbDART","smote","FFS","MEDIAN","UNKNOWN","HARD",2,"year1",0.5812258689403,0.218001651527663,0.859467076607738,0.773317067760896,"13.6.6.1",0.432857068943248
16,"xgbDART","smote","FFS","MEDIAN","DROP","HARD",2,"year1",0.583258885395657,0.14047866805411,0.927137207179799,0.826808228268082,"16.6.6.1",0.360891950544794
1,"xgbDART","none","FFS","DROP","UNKNOWN","LABEL",3,"year1",0.615126002881105,0.0156985871271586,0.998069498069498,0.879977354217777,"1.12.2",0.125173004175834
4,"xgbDART","none","FFS","DROP","DROP","LABEL",3,"year1",0.607333291258664,0,1,0.87463456577816,"4.12.2",0
5,"xgbDART","none","FFS","MEDIAN","UNKNOWN","LABEL",3,"year1",0.601479617461722,0.00161030595813205,0.999871382636656,0.86237107685483,"5.12.2",0.0401260369937717
8,"xgbDART","none","FFS","MEDIAN","DROP","LABEL",3,"year1",0.605363925896427,0.0302724520686176,0.995987035036271,0.867871485943775,"8.12.2",0.173640346057879
9,"xgbDART","none","FFS","DROP","UNKNOWN","HARD",3,"year1",0.606803091496969,0.0156985871271586,0.998069498069498,0.879977354217777,"9.12.2",0.125173004175834
12,"xgbDART","none","FFS","DROP","DROP","HARD",3,"year1",0.598367745558291,0,1,0.87463456577816,"12.12.2",0
13,"xgbDART","none","FFS","MEDIAN","UNKNOWN","HARD",3,"year1",0.601295959737173,0.00805152979066022,0.998842443729903,0.86237107685483,"13.12.2",0.0896783680263372
16,"xgbDART","none","FFS","MEDIAN","DROP","HARD",3,"year1",0.615792557465406,0.024217961654894,0.997067448680352,0.868005354752343,"16.12.2",0.155392860966918
1,"xgbDART","down","FFS","DROP","UNKNOWN","LABEL",3,"year1",0.616581034948382,0.533751962323391,0.629343629343629,0.617852424985846,"1.3.6.2",0.5795803629678
4,"xgbDART","down","FFS","DROP","DROP","LABEL",3,"year1",0.61678215624051,0.521262002743484,0.641565080613449,0.626483233018057,"4.3.6.2",0.578293609519292
5,"xgbDART","down","FFS","MEDIAN","UNKNOWN","LABEL",3,"year1",0.609068404347307,0.540257648953301,0.619935691318328,0.60896085172452,"5.3.6.2",0.578727050598017
8,"xgbDART","down","FFS","MEDIAN","DROP","LABEL",3,"year1",0.612787661884885,0.524722502522704,0.634202809075475,0.619678714859438,"8.3.6.2",0.576871289877571
9,"xgbDART","down","FFS","DROP","UNKNOWN","HARD",3,"year1",0.615347069428702,0.525902668759812,0.627198627198627,0.615021702207964,"9.3.6.2",0.574321714621908
12,"xgbDART","down","FFS","DROP","DROP","HARD",3,"year1",0.597504405703384,0.445816186556927,0.685410931970114,0.655374032674119,"12.3.6.2",0.552781410609425
13,"xgbDART","down","FFS","MEDIAN","UNKNOWN","HARD",3,"year1",0.612686518477096,0.541867954911433,0.619549839228296,0.608849950094266,"13.3.6.2",0.579408495233151
16,"xgbDART","down","FFS","MEDIAN","DROP","HARD",3,"year1",0.616832788506031,0.51765893037336,0.655656737150795,0.637349397590361,"16.3.6.2",0.582586101143486
1,"xgbDART","up","FFS","DROP","UNKNOWN","LABEL",3,"year1",0.623019745468725,0.525902668759812,0.651222651222651,0.636157765616154,"1.4.6.2",0.58521767765066
4,"xgbDART","up","FFS","DROP","DROP","LABEL",3,"year1",0.611703258143742,0.528120713305898,0.632127408572552,0.619088564058469,"4.4.6.2",0.577788523523569
5,"xgbDART","up","FFS","MEDIAN","UNKNOWN","LABEL",3,"year1",0.600949925180318,0.529790660225443,0.61491961414791,0.603193966951314,"5.4.6.2",0.57077024130993
8,"xgbDART","up","FFS","MEDIAN","DROP","LABEL",3,"year1",0.608890260842722,0.477295660948537,0.672943355456089,0.646987951807229,"8.4.6.2",0.56673886722488
9,"xgbDART","up","FFS","DROP","UNKNOWN","HARD",3,"year1",0.625228727269543,0.549450549450549,0.642213642213642,0.631062464615965,"9.4.6.2",0.594024106058773
12,"xgbDART","up","FFS","DROP","DROP","HARD",3,"year1",0.59981918680452,0.500685871056241,0.652968934329532,0.633877901977644,"12.4.6.2",0.571779957376478
13,"xgbDART","up","FFS","MEDIAN","UNKNOWN","HARD",3,"year1",0.602648720298657,0.528180354267311,0.618649517684887,0.606188310968171,"13.4.6.2",0.571627957169788
16,"xgbDART","up","FFS","MEDIAN","DROP","HARD",3,"year1",0.617104566192194,0.508577194752775,0.662756598240469,0.642302543507363,"16.4.6.2",0.580571176977491
1,"xgbDART","rose","FFS","DROP","UNKNOWN","LABEL",3,"year1",0.565622586030749,0.158555729984301,0.895109395109395,0.806567276844688,"1.5.6.2",0.376728978919032
4,"xgbDART","rose","FFS","DROP","DROP","LABEL",3,"year1",0.593380009245639,0.334705075445816,0.804168305151396,0.745313843508169,"4.5.6.2",0.518805564009131
5,"xgbDART","rose","FFS","MEDIAN","UNKNOWN","LABEL",3,"year1",0.599991353019453,0.210950080515298,0.887331189710611,0.794166574248641,"5.5.6.2",0.432646028426459
8,"xgbDART","rose","FFS","MEDIAN","DROP","LABEL",3,"year1",0.601027475400225,0.290615539858729,0.835314091680815,0.763052208835341,"8.5.6.2",0.492701994825902
9,"xgbDART","rose","FFS","DROP","UNKNOWN","HARD",3,"year1",0.593315001478267,0.277864992150706,0.846632346632347,0.778260049065861,"9.5.6.2",0.485025247127952
12,"xgbDART","rose","FFS","DROP","DROP","HARD",3,"year1",0.594053203959119,0.344307270233196,0.778804561541486,0.724333619948409,"12.5.6.2",0.517830158091927
13,"xgbDART","rose","FFS","MEDIAN","UNKNOWN","HARD",3,"year1",0.591636661126386,0.342995169082126,0.772347266881029,0.713208384163247,"13.5.6.2",0.514695425852976
16,"xgbDART","rose","FFS","MEDIAN","DROP","HARD",3,"year1",0.591321040467775,0.266397578203835,0.830992437104491,0.756091030789826,"16.5.6.2",0.47050438122332
1,"xgbDART","smote","FFS","DROP","UNKNOWN","LABEL",3,"year1",0.607030556010148,0.196232339089482,0.903045903045903,0.818078882808077,"1.6.6.2",0.420959392174437
4,"xgbDART","smote","FFS","DROP","DROP","LABEL",3,"year1",0.601709445277847,0.263374485596708,0.835627211954385,0.763886500429923,"4.6.6.2",0.469129925606007
5,"xgbDART","smote","FFS","MEDIAN","UNKNOWN","LABEL",3,"year1",0.595657248189054,0.285024154589372,0.82983922829582,0.754796495508484,"5.6.6.2",0.486337562285819
8,"xgbDART","smote","FFS","MEDIAN","DROP","LABEL",3,"year1",0.606203866905872,0.205852674066599,0.899521531100478,0.807496653279786,"8.6.6.2",0.430312575411776
9,"xgbDART","smote","FFS","DROP","UNKNOWN","HARD",3,"year1",0.614750880057002,0.180533751962323,0.911196911196911,0.823362898660125,"9.6.6.2",0.405588211311496
12,"xgbDART","smote","FFS","DROP","DROP","HARD",3,"year1",0.590250166275858,0.270233196159122,0.832874557609123,0.762338779019776,"12.6.6.2",0.474415802542799
13,"xgbDART","smote","FFS","MEDIAN","UNKNOWN","HARD",3,"year1",0.59393271924238,0.286634460547504,0.821607717041801,0.747920594432738,"13.6.6.2",0.485284539992717
16,"xgbDART","smote","FFS","MEDIAN","DROP","HARD",3,"year1",0.608622454692947,0.18970736629667,0.91356690847353,0.817536813922356,"16.6.6.2",0.416305623481481
1,"xgbDART","none","FFS","DROP","UNKNOWN","LABEL",4,"year1",0.57687499606985,0.0193740685543964,0.993037974683544,0.872297172426538,"1.12.3",0.138705392103688
4,"xgbDART","none","FFS","DROP","DROP","LABEL",4,"year1",0.608659768136635,0,0.999806912531377,0.879714576962283,"4.12.3",0
5,"xgbDART","none","FFS","MEDIAN","UNKNOWN","LABEL",4,"year1",0.613350389323804,0.013911620294599,0.997434252726107,0.864145502938893,"5.12.3",0.117796122995423
8,"xgbDART","none","FFS","MEDIAN","DROP","LABEL",4,"year1",0.603041426815668,0.0225872689938398,0.997260690914625,0.87143803843605,"8.12.3",0.150084627736058
9,"xgbDART","none","FFS","DROP","UNKNOWN","HARD",4,"year1",0.609297792198809,0.00745156482861401,0.99915611814346,0.876178155608945,"9.12.3",0.0862860161802149
12,"xgbDART","none","FFS","DROP","DROP","HARD",4,"year1",0.594182714274517,0.00141442715700141,0.999227650125507,0.879374787631668,"12.12.3",0.0375943443135297
13,"xgbDART","none","FFS","MEDIAN","UNKNOWN","HARD",4,"year1",0.578969690798059,0.0130932896890344,0.992687620269403,0.859931240989243,"13.12.3",0.11400678305656
16,"xgbDART","none","FFS","MEDIAN","DROP","HARD",4,"year1",0.603041426815668,0.0225872689938398,0.997260690914625,0.87143803843605,"16.12.3",0.150084627736058
1,"xgbDART","down","FFS","DROP","UNKNOWN","LABEL",4,"year1",0.631469970508153,0.508196721311475,0.674261603375527,0.653668453150989,"1.3.6.3",0.585369572271793
4,"xgbDART","down","FFS","DROP","DROP","LABEL",4,"year1",0.617457401272083,0.527581329561528,0.64336744545279,0.629459734964322,"4.3.6.3",0.582605056851197
5,"xgbDART","down","FFS","MEDIAN","UNKNOWN","LABEL",4,"year1",0.629104067087363,0.563829787234043,0.60602950609365,0.600310524564711,"5.3.6.3",0.584548960719574
8,"xgbDART","down","FFS","MEDIAN","DROP","LABEL",4,"year1",0.628938928657029,0.544147843942505,0.654238319890428,0.640026507620941,"8.3.6.3",0.596659342667944
9,"xgbDART","down","FFS","DROP","UNKNOWN","HARD",4,"year1",0.627292692435875,0.50521609538003,0.661814345991561,0.642395121049714,"9.3.6.3",0.578238064942412
12,"xgbDART","down","FFS","DROP","DROP","HARD",4,"year1",0.605461671591262,0.516265912305516,0.643560532921413,0.62827047230717,"12.3.6.3",0.57640989378436
13,"xgbDART","down","FFS","MEDIAN","UNKNOWN","HARD",4,"year1",0.623527556062733,0.549099836333879,0.620525978191148,0.610846179438838,"13.3.6.3",0.583721434475109
16,"xgbDART","down","FFS","MEDIAN","DROP","HARD",4,"year1",0.628938928657029,0.544147843942505,0.654238319890428,0.640026507620941,"16.3.6.3",0.596659342667944
1,"xgbDART","up","FFS","DROP","UNKNOWN","LABEL",4,"year1",0.63822652757079,0.529061102831595,0.660126582278481,0.643873590833487,"1.4.6.3",0.590971486307677
4,"xgbDART","up","FFS","DROP","DROP","LABEL",4,"year1",0.619471573946902,0.524752475247525,0.627534273025681,0.615188583078491,"4.4.6.3",0.573846811503629
5,"xgbDART","up","FFS","MEDIAN","UNKNOWN","LABEL",4,"year1",0.633745350632881,0.557283142389525,0.627068633739577,0.61761117888433,"5.4.6.3",0.591147002618044
8,"xgbDART","up","FFS","MEDIAN","DROP","LABEL",4,"year1",0.627670365431831,0.517453798767967,0.673109115811901,0.653015241882041,"8.4.6.3",0.590171897807932
9,"xgbDART","up","FFS","DROP","UNKNOWN","HARD",4,"year1",0.623415992252889,0.517138599105812,0.655063291139241,0.637959711698392,"9.4.6.3",0.582029649335315
12,"xgbDART","up","FFS","DROP","DROP","HARD",4,"year1",0.606517234626947,0.497878359264498,0.648194632168372,0.630139313625552,"12.4.6.3",0.568086331421593
13,"xgbDART","up","FFS","MEDIAN","UNKNOWN","HARD",4,"year1",0.618381049163875,0.541734860883797,0.633354714560616,0.620938227791949,"13.4.6.3",0.585756202000962
16,"xgbDART","up","FFS","MEDIAN","DROP","HARD",4,"year1",0.627670365431831,0.517453798767967,0.673109115811901,0.653015241882041,"16.4.6.3",0.590171897807932
1,"xgbDART","rose","FFS","DROP","UNKNOWN","LABEL",4,"year1",0.560163211278587,0.257824143070045,0.816033755274262,0.746812049528738,"1.5.6.3",0.458686389235409
4,"xgbDART","rose","FFS","DROP","DROP","LABEL",4,"year1",0.615892901181548,0.347949080622348,0.793396408573084,0.739891267414203,"4.5.6.3",0.525415598295366
5,"xgbDART","rose","FFS","MEDIAN","UNKNOWN","LABEL",4,"year1",0.6278891164654,0.450081833060556,0.722001282873637,0.685150271708994,"5.5.6.3",0.57005233169231
8,"xgbDART","rose","FFS","MEDIAN","DROP","LABEL",4,"year1",0.597531168781252,0.325462012320329,0.808857099376046,0.746454605699138,"8.5.6.3",0.513081142941847
9,"xgbDART","rose","FFS","DROP","UNKNOWN","HARD",4,"year1",0.543392945851962,0.295081967213115,0.788185654008439,0.727037516170763,"9.5.6.3",0.482264837318631
12,"xgbDART","rose","FFS","DROP","DROP","HARD",4,"year1",0.599291612056414,0.239038189533239,0.86252172234022,0.787631668365613,"12.5.6.3",0.454065668093611
13,"xgbDART","rose","FFS","MEDIAN","UNKNOWN","HARD",4,"year1",0.629977093041933,0.342062193126023,0.814368184733804,0.750360430298325,"13.5.6.3",0.527792162960102
16,"xgbDART","rose","FFS","MEDIAN","DROP","HARD",4,"year1",0.597531168781252,0.325462012320329,0.808857099376046,0.746454605699138,"16.5.6.3",0.513081142941847
1,"xgbDART","smote","FFS","DROP","UNKNOWN","LABEL",4,"year1",0.614815251498173,0.163934426229508,0.926582278481013,0.832008870818703,"1.6.6.3",0.389741881476979
4,"xgbDART","smote","FFS","DROP","DROP","LABEL",4,"year1",0.605434906991651,0.257425742574257,0.843406062946515,0.773020727149167,"4.6.6.3",0.465955397056025
5,"xgbDART","smote","FFS","MEDIAN","UNKNOWN","LABEL",4,"year1",0.618199221247411,0.214402618657938,0.884028223220013,0.79327936120661,"5.6.6.3",0.435359582444093
8,"xgbDART","smote","FFS","MEDIAN","DROP","LABEL",4,"year1",0.623102272226574,0.216632443531828,0.89864556384112,0.810603048376408,"8.6.6.3",0.441220788680609
9,"xgbDART","smote","FFS","DROP","UNKNOWN","HARD",4,"year1",0.612013526005018,0.178837555886736,0.906329113924051,0.816115320643134,"9.6.6.3",0.402598663141308
12,"xgbDART","smote","FFS","DROP","DROP","HARD",4,"year1",0.59919602420066,0.230551626591231,0.859432322842248,0.783893985728848,"12.6.6.3",0.445133148593047
13,"xgbDART","smote","FFS","MEDIAN","UNKNOWN","HARD",4,"year1",0.616652949087133,0.219312602291326,0.8891597177678,0.798380836198292,"13.6.6.3",0.441592494904835
16,"xgbDART","smote","FFS","MEDIAN","DROP","HARD",4,"year1",0.623102272226574,0.216632443531828,0.89864556384112,0.810603048376408,"16.6.6.3",0.441220788680609
1,"xgbDART","none","FFS","DROP","UNKNOWN","LABEL",5,"year1",0.567423922434482,0.0181818181818182,0.993875395987328,0.87451343836886,"1.12.4",0.134426417586813
4,"xgbDART","none","FFS","DROP","DROP","LABEL",5,"year1",0.59582376983719,0.00280504908835905,0.999609984399376,0.877931860982708,"4.12.4",0.0529523849836253
5,"xgbDART","none","FFS","MEDIAN","UNKNOWN","LABEL",5,"year1",0.601279047702458,0.00568181818181818,0.99820166987797,0.862592880115338,"5.12.4",0.0753100285289677
8,"xgbDART","none","FFS","MEDIAN","DROP","LABEL",5,"year1",0.576300182867654,0.0440881763527054,0.98894858019954,0.863436709703181,"8.12.4",0.208808379639312
9,"xgbDART","none","FFS","DROP","UNKNOWN","HARD",5,"year1",0.57797894467377,0.0166666666666667,0.995142555438226,0.875440222428174,"9.12.4",0.128785516488865
12,"xgbDART","none","FFS","DROP","DROP","HARD",5,"year1",0.582530829283662,0.00140252454417952,1,0.878103064543743,"12.12.4",0.0374502943136569
13,"xgbDART","none","FFS","MEDIAN","UNKNOWN","HARD",5,"year1",0.604647006814637,0.00405844155844156,0.998458574181117,0.862592880115338,"13.12.4",0.0636567810357934
16,"xgbDART","none","FFS","MEDIAN","DROP","HARD",5,"year1",0.565583123268794,0.0410821643286573,0.989409056024559,0.863436709703181,"16.12.4",0.201611173866586
1,"xgbDART","down","FFS","DROP","UNKNOWN","LABEL",5,"year1",0.617710153275096,0.506060606060606,0.652375923970433,0.634476367006487,"1.3.6.4",0.574579633700869
4,"xgbDART","down","FFS","DROP","DROP","LABEL",5,"year1",0.605403493839613,0.591865357643759,0.557332293291732,0.561547680191748,"4.3.6.4",0.574339339672573
5,"xgbDART","down","FFS","MEDIAN","UNKNOWN","LABEL",5,"year1",0.613110147719974,0.522727272727273,0.627745664739884,0.613396916934679,"5.3.6.4",0.572834862151256
8,"xgbDART","down","FFS","MEDIAN","DROP","LABEL",5,"year1",0.626918610821028,0.549098196392786,0.636684574059862,0.625049913483296,"8.3.6.4",0.591271808297486
9,"xgbDART","down","FFS","DROP","UNKNOWN","HARD",5,"year1",0.624140187514,0.506060606060606,0.648996832101373,0.631510658016682,"9.3.6.4",0.573089635384059
12,"xgbDART","down","FFS","DROP","DROP","HARD",5,"year1",0.584840564029293,0.50070126227209,0.61914976599064,0.604690977572333,"12.3.6.4",0.556784580755414
13,"xgbDART","down","FFS","MEDIAN","UNKNOWN","HARD",5,"year1",0.605295940411548,0.545454545454545,0.606422607578677,0.598092491959632,"13.3.6.4",0.575131261339694
16,"xgbDART","down","FFS","MEDIAN","DROP","HARD",5,"year1",0.614091421523016,0.506012024048096,0.662778204144282,0.641953946492746,"16.3.6.4",0.579114617821041
1,"xgbDART","up","FFS","DROP","UNKNOWN","LABEL",5,"year1",0.617764871524112,0.498484848484848,0.656388595564942,0.637071362372567,"1.4.6.4",0.572013784455735
4,"xgbDART","up","FFS","DROP","DROP","LABEL",5,"year1",0.607857911791928,0.539971949509116,0.619929797191888,0.610169491525424,"4.4.6.4",0.578571258488092
5,"xgbDART","up","FFS","MEDIAN","UNKNOWN","LABEL",5,"year1",0.613097219094329,0.535714285714286,0.623378291586384,0.611400687590108,"5.4.6.4",0.577886369632466
8,"xgbDART","up","FFS","MEDIAN","DROP","LABEL",5,"year1",0.628195070109519,0.541082164328657,0.65663852647736,0.641288433382138,"8.4.6.4",0.596066602895977
9,"xgbDART","up","FFS","DROP","UNKNOWN","HARD",5,"year1",0.62065341909059,0.5,0.658922914466737,0.639481000926784,"9.4.6.4",0.573987331945025
12,"xgbDART","up","FFS","DROP","DROP","HARD",5,"year1",0.591582692059435,0.481065918653576,0.65990639625585,0.638075671973977,"12.4.6.4",0.563434536339575
13,"xgbDART","up","FFS","MEDIAN","UNKNOWN","HARD",5,"year1",0.600266183719941,0.538149350649351,0.613359023763648,0.60308306532106,"13.4.6.4",0.574524812652445
16,"xgbDART","up","FFS","MEDIAN","DROP","HARD",5,"year1",0.615720543158458,0.502004008016032,0.666308518802763,0.644482896313057,"16.4.6.4",0.578350712815514
1,"xgbDART","rose","FFS","DROP","UNKNOWN","LABEL",5,"year1",0.616489392339445,0.281818181818182,0.846251319957761,0.777201112140871,"1.5.6.4",0.488353364226902
4,"xgbDART","rose","FFS","DROP","DROP","LABEL",5,"year1",0.606987214271179,0.423562412342216,0.715678627145086,0.680020544427324,"4.5.6.4",0.550576575759756
5,"xgbDART","rose","FFS","MEDIAN","UNKNOWN","LABEL",5,"year1",0.608848288833838,0.409090909090909,0.738086062941554,0.69313518908728,"5.5.6.4",0.549494584573943
8,"xgbDART","rose","FFS","MEDIAN","DROP","LABEL",5,"year1",0.596412548812129,0.270541082164329,0.842824251726784,0.766804206042859,"8.5.6.4",0.477512916198614
9,"xgbDART","rose","FFS","DROP","UNKNOWN","HARD",5,"year1",0.619135547662475,0.216666666666667,0.894825765575502,0.811862835959221,"9.5.6.4",0.440316835783839
12,"xgbDART","rose","FFS","DROP","DROP","HARD",5,"year1",0.568202132012349,0.223001402524544,0.84399375975039,0.76819037835987,"12.5.6.4",0.433833830108142
13,"xgbDART","rose","FFS","MEDIAN","UNKNOWN","HARD",5,"year1",0.600566461476866,0.31737012987013,0.797045600513809,0.731507153155151,"13.5.6.4",0.502949764636075
16,"xgbDART","rose","FFS","MEDIAN","DROP","HARD",5,"year1",0.574231117645882,0.528056112224449,0.573906369915579,0.567815785970984,"16.5.6.4",0.550504102144995
1,"xgbDART","smote","FFS","DROP","UNKNOWN","LABEL",5,"year1",0.592854468657003,0.268181818181818,0.850897571277719,0.779610750695088,"1.6.6.4",0.477697872877567
4,"xgbDART","smote","FFS","DROP","DROP","LABEL",5,"year1",0.598802766977439,0.248246844319776,0.840678627145086,0.768361581920904,"4.6.6.4",0.456832372184644
5,"xgbDART","smote","FFS","MEDIAN","UNKNOWN","LABEL",5,"year1",0.600012720099425,0.249188311688312,0.857418111753372,0.774315182433182,"5.6.6.4",0.462232162099094
8,"xgbDART","smote","FFS","MEDIAN","DROP","LABEL",5,"year1",0.606083771533859,0.311623246492986,0.833000767459708,0.763742845734061,"8.6.6.4",0.509492299732727
9,"xgbDART","smote","FFS","DROP","UNKNOWN","HARD",5,"year1",0.599072509679691,0.259090909090909,0.859134107708553,0.785727525486562,"9.6.6.4",0.471798513135868
12,"xgbDART","smote","FFS","DROP","DROP","HARD",5,"year1",0.585691295814525,0.241234221598878,0.859399375975039,0.783941105975004,"12.6.6.4",0.45532026037274
13,"xgbDART","smote","FFS","MEDIAN","UNKNOWN","HARD",5,"year1",0.58963582980924,0.237012987012987,0.855619781631342,0.771099035155817,"13.6.6.4",0.450325438090992
16,"xgbDART","smote","FFS","MEDIAN","DROP","HARD",5,"year1",0.595462682848429,0.285571142284569,0.831619339984651,0.759084253959803,"16.6.6.4",0.487325850807605
1,"xgbDART","none","LASSO","DROP","UNKNOWN","LABEL",1,"year1",0.601642214818906,0.0344287949921753,0.984704868591124,0.869721643628101,"1.1.10",0.184125506241044
4,"xgbDART","none","LASSO","DROP","DROP","LABEL",1,"year1",0.595630357974309,0.0262068965517241,0.980540111199365,0.860440895677834,"4.1.10",0.160302567849108
5,"xgbDART","none","LASSO","MEDIAN","UNKNOWN","LABEL",1,"year1",0.621157899367903,0.0666666666666667,0.978084310944953,0.850726405678163,"5.1.10",0.255353912696993
8,"xgbDART","none","LASSO","MEDIAN","DROP","LABEL",1,"year1",0.620118378235795,0.0685884691848907,0.983356665111215,0.859583053127102,"8.1.10",0.259705464560793
9,"xgbDART","none","LASSO","DROP","UNKNOWN","HARD",1,"year1",0.594113486510523,0.0453834115805947,0.985566566135286,0.871804582465442,"9.1.10",0.211490834579163
12,"xgbDART","none","LASSO","DROP","DROP","HARD",1,"year1",0.580833721344252,0.0372413793103448,0.981731532962669,0.862871029335185,"12.1.10",0.191209404580395
13,"xgbDART","none","LASSO","MEDIAN","UNKNOWN","HARD",1,"year1",0.630557039110604,0.0515873015873016,0.986850586566972,0.856160585560608,"13.1.10",0.225630137239766
16,"xgbDART","none","LASSO","MEDIAN","DROP","HARD",1,"year1",0.61179462345541,0.0536779324055666,0.981956758438326,0.85635507733692,"16.1.10",0.229585296795421
1,"xgbDART","down","LASSO","DROP","UNKNOWN","LABEL",1,"year1",0.641849709969328,0.579029733959311,0.642610943558811,0.634917629236887,"1.1.1.6",0.609992494780223
4,"xgbDART","down","LASSO","DROP","DROP","LABEL",1,"year1",0.627709320478761,0.575172413793103,0.602263701350278,0.598854365561534,"4.1.1.6",0.588562203038564
5,"xgbDART","down","LASSO","MEDIAN","UNKNOWN","LABEL",1,"year1",0.656411004090519,0.592063492063492,0.617635683898414,0.614062326716203,"5.1.1.6",0.60471442833119
8,"xgbDART","down","LASSO","MEDIAN","DROP","LABEL",1,"year1",0.649956691643573,0.57455268389662,0.64520143101571,0.635642232683255,"8.1.1.6",0.608853195642444
9,"xgbDART","down","LASSO","DROP","UNKNOWN","HARD",1,"year1",0.647319938588879,0.575899843505477,0.639164153382163,0.631509183866692,"9.1.1.6",0.606707949434568
12,"xgbDART","down","LASSO","DROP","DROP","HARD",1,"year1",0.624692832297116,0.577931034482759,0.6131850675139,0.608748481166464,"12.1.1.6",0.595297136225002
13,"xgbDART","down","LASSO","MEDIAN","UNKNOWN","HARD",1,"year1",0.654737912095783,0.594444444444444,0.613639293541318,0.610957081069092,"13.1.1.6",0.60396561900364
16,"xgbDART","down","LASSO","MEDIAN","DROP","HARD",1,"year1",0.660034968289501,0.604373757455268,0.638201897651268,0.633624747814391,"16.1.1.6",0.621057548781576
1,"xgbDART","up","LASSO","DROP","UNKNOWN","LABEL",1,"year1",0.624990139024582,0.511737089201878,0.669538991813873,0.650444991478887,"1.1.2.6",0.585344287388193
4,"xgbDART","up","LASSO","DROP","DROP","LABEL",1,"year1",0.580309632713429,0.486896551724138,0.615369340746624,0.599201527512585,"4.1.2.6",0.54737666194887
5,"xgbDART","up","LASSO","MEDIAN","UNKNOWN","LABEL",1,"year1",0.622642682185676,0.521428571428571,0.644192342400413,0.627037817455917,"5.1.2.6",0.579569057855121
8,"xgbDART","up","LASSO","MEDIAN","DROP","LABEL",1,"year1",0.648137771597203,0.472166998011928,0.727329289158501,0.69280430396772,"8.1.2.6",0.586021234280908
9,"xgbDART","up","LASSO","DROP","UNKNOWN","HARD",1,"year1",0.642824345180663,0.466353677621283,0.733520034467902,0.701192955879568,"9.1.2.6",0.584875854932478
12,"xgbDART","up","LASSO","DROP","DROP","HARD",1,"year1",0.628782695625975,0.453793103448276,0.707903097696585,0.675924318694671,"12.1.2.6",0.566781742511508
13,"xgbDART","up","LASSO","MEDIAN","UNKNOWN","HARD",1,"year1",0.656840621169614,0.520634920634921,0.696918911950496,0.672285682599534,"13.1.2.6",0.602362285018179
16,"xgbDART","up","LASSO","MEDIAN","DROP","HARD",1,"year1",0.654078484451821,0.489065606361829,0.724840566184477,0.692938802958978,"16.1.2.6",0.595394483528914
1,"xgbDART","rose","LASSO","DROP","UNKNOWN","LABEL",1,"year1",0.605545306883668,0.262910798122066,0.858897027143473,0.786782806286688,"1.1.3.6",0.475198172251283
4,"xgbDART","rose","LASSO","DROP","DROP","LABEL",1,"year1",0.601793021281258,0.147586206896552,0.907863383637808,0.812185384481861,"4.1.3.6",0.366043867823753
5,"xgbDART","rose","LASSO","MEDIAN","UNKNOWN","LABEL",1,"year1",0.641441063985218,0.13968253968254,0.945210777362382,0.832649439946767,"5.1.3.6",0.363358558337746
8,"xgbDART","rose","LASSO","MEDIAN","DROP","LABEL",1,"year1",0.595408262820031,0.113320079522863,0.950381085705397,0.837121721587088,"8.1.3.6",0.328172607341259
9,"xgbDART","rose","LASSO","DROP","UNKNOWN","HARD",1,"year1",0.585590401039971,0.0970266040688576,0.960577337354589,0.856087862147321,"9.1.3.6",0.30528930048238
12,"xgbDART","rose","LASSO","DROP","DROP","HARD",1,"year1",0.536537892689874,0.0841379310344828,0.9527402700556,0.843429960076376,"12.1.3.6",0.283128230905561
13,"xgbDART","rose","LASSO","MEDIAN","UNKNOWN","HARD",1,"year1",0.598122688979335,0.0571428571428571,0.978986721670749,0.850171897526894,"13.1.3.6",0.236520820185424
16,"xgbDART","rose","LASSO","MEDIAN","DROP","HARD",1,"year1",0.531249893700482,0.0288270377733598,0.992533831077928,0.862138533960995,"16.1.3.6",0.169150259354874
1,"xgbDART","smote","LASSO","DROP","UNKNOWN","LABEL",1,"year1",0.604445091728985,0.128325508607199,0.931495045239121,0.834311683393297,"1.1.4.6",0.345737726384315
4,"xgbDART","smote","LASSO","DROP","DROP","LABEL",1,"year1",0.581685519432499,0.128275862068966,0.914813343923749,0.815830584967888,"4.1.4.6",0.342561629964612
5,"xgbDART","smote","LASSO","MEDIAN","UNKNOWN","LABEL",1,"year1",0.617774319559804,0.158730158730159,0.932319195565296,0.824220916047466,"5.1.4.6",0.384691010941578
8,"xgbDART","smote","LASSO","MEDIAN","DROP","LABEL",1,"year1",0.629179194548065,0.1610337972167,0.932804479701353,0.828379287155346,"8.1.4.6",0.387573280073662
9,"xgbDART","smote","LASSO","DROP","UNKNOWN","HARD",1,"year1",0.591558398213495,0.167449139280125,0.912537699267557,0.822382124597614,"9.1.4.6",0.390901077387896
12,"xgbDART","smote","LASSO","DROP","DROP","HARD",1,"year1",0.555297307660705,0.249655172413793,0.81691818903892,0.745530289880229,"12.1.4.6",0.451605858390339
13,"xgbDART","smote","LASSO","MEDIAN","UNKNOWN","HARD",1,"year1",0.63942322449155,0.174603174603175,0.927807141936316,0.822557391593656,"13.1.4.6",0.402489841364448
16,"xgbDART","smote","LASSO","MEDIAN","DROP","HARD",1,"year1",0.587644223320831,0.0576540755467197,0.955358531653445,0.833893745796907,"16.1.4.6",0.234691953330639
1,"xgbDART","none","LASSO","DROP","UNKNOWN","LABEL",2,"year1",0.541541480907153,0.100649350649351,0.924129353233831,0.830882352941177,"1.1.10.1",0.304980358906913
4,"xgbDART","none","LASSO","DROP","DROP","LABEL",2,"year1",0.528689653280667,0.0957142857142857,0.922043010752688,0.824136763710223,"4.1.10.1",0.297073540006583
5,"xgbDART","none","LASSO","MEDIAN","UNKNOWN","LABEL",2,"year1",0.55469601079692,0.170107349298101,0.875352293107866,0.780636575357658,"5.1.10.1",0.385880626985332
8,"xgbDART","none","LASSO","MEDIAN","DROP","LABEL",2,"year1",0.561006576216907,0.191467221644121,0.878004259202921,0.790444591904446,"8.1.10.1",0.410011019487632
9,"xgbDART","none","LASSO","DROP","UNKNOWN","HARD",2,"year1",0.549116901962051,0.112012987012987,0.917081260364842,0.825919117647059,"9.1.10.1",0.320507427850122
12,"xgbDART","none","LASSO","DROP","DROP","HARD",2,"year1",0.517900208470485,0.101428571428571,0.909754224270353,0.813981042654028,"12.1.10.1",0.303768120971984
13,"xgbDART","none","LASSO","MEDIAN","UNKNOWN","HARD",2,"year1",0.56526697264147,0.175061932287366,0.878683064309505,0.784185427525785,"13.1.10.1",0.392203971303461
16,"xgbDART","none","LASSO","MEDIAN","DROP","HARD",2,"year1",0.559567029577939,0.18210197710718,0.891542439914816,0.801061712010617,"16.1.10.1",0.402928828682495
1,"xgbDART","down","LASSO","DROP","UNKNOWN","LABEL",2,"year1",0.629431643190971,0.566558441558442,0.604477611940298,0.600183823529412,"1.1.1.6.1",0.585210982277216
4,"xgbDART","down","LASSO","DROP","DROP","LABEL",2,"year1",0.602966727013386,0.545714285714286,0.594278033794163,0.5885240352065,"4.1.1.6.1",0.569478720171063
5,"xgbDART","down","LASSO","MEDIAN","UNKNOWN","LABEL",2,"year1",0.64555917625033,0.590421139554087,0.619523443504996,0.615614949539758,"5.1.1.6.1",0.604797269748047
8,"xgbDART","down","LASSO","MEDIAN","DROP","LABEL",2,"year1",0.636785739046418,0.553590010405827,0.619105567386675,0.610749834107498,"8.1.1.6.1",0.585432026363347
9,"xgbDART","down","LASSO","DROP","UNKNOWN","HARD",2,"year1",0.634052747625509,0.587662337662338,0.603441127694859,0.601654411764706,"9.1.1.6.1",0.595499474175048
12,"xgbDART","down","LASSO","DROP","DROP","HARD",2,"year1",0.60209032806671,0.548571428571429,0.588133640552995,0.583446174678402,"12.1.1.6.1",0.568008196586169
13,"xgbDART","down","LASSO","MEDIAN","UNKNOWN","HARD",2,"year1",0.644722093339875,0.590421139554087,0.623110427875993,0.618720195186869,"13.1.1.6.1",0.606545603309907
16,"xgbDART","down","LASSO","MEDIAN","DROP","HARD",2,"year1",0.643241578228743,0.590010405827263,0.617888652266504,0.614333112143331,"16.1.1.6.1",0.603788650505971
1,"xgbDART","up","LASSO","DROP","UNKNOWN","LABEL",2,"year1",0.621537200361827,0.550324675324675,0.627694859038143,0.618933823529412,"1.1.2.6.1",0.587738010939512
4,"xgbDART","up","LASSO","DROP","DROP","LABEL",2,"year1",0.613501481237655,0.521428571428571,0.652457757296467,0.636932972241029,"4.1.2.6.1",0.583275334901611
5,"xgbDART","up","LASSO","MEDIAN","UNKNOWN","LABEL",2,"year1",0.633548205418221,0.568951279933939,0.613118114271074,0.607186425640457,"5.1.2.6.1",0.590621990671877
8,"xgbDART","up","LASSO","MEDIAN","DROP","LABEL",2,"year1",0.621170745791053,0.503642039542144,0.646029814420444,0.627869940278699,"8.1.2.6.1",0.57041017990543
9,"xgbDART","up","LASSO","DROP","UNKNOWN","HARD",2,"year1",0.619260636751308,0.532467532467532,0.648839137645108,0.635661764705882,"9.1.2.6.1",0.587780379555368
12,"xgbDART","up","LASSO","DROP","DROP","HARD",2,"year1",0.617178379416283,0.531428571428571,0.647465437788018,0.633716993906567,"12.1.2.6.1",0.586584719075652
13,"xgbDART","up","LASSO","MEDIAN","UNKNOWN","HARD",2,"year1",0.633815631880704,0.569777043765483,0.628875224186523,0.620938227791949,"13.1.2.6.1",0.59859724868592
16,"xgbDART","up","LASSO","MEDIAN","DROP","HARD",2,"year1",0.620566324564939,0.49843912591051,0.659872223912382,0.639283344392833,"16.1.2.6.1",0.573503386650429
1,"xgbDART","rose","LASSO","DROP","UNKNOWN","LABEL",2,"year1",0.584169755928151,0.202922077922078,0.877280265339967,0.800919117647059,"1.1.3.6.1",0.421923611999634
4,"xgbDART","rose","LASSO","DROP","DROP","LABEL",2,"year1",0.563856978275181,0.251428571428571,0.825460829493088,0.757447528774543,"4.1.3.6.1",0.455570452432651
5,"xgbDART","rose","LASSO","MEDIAN","UNKNOWN","LABEL",2,"year1",0.601688912359228,0.101568951279934,0.95119139123751,0.837085505156926,"5.1.3.6.1",0.310823924552946
8,"xgbDART","rose","LASSO","MEDIAN","DROP","LABEL",2,"year1",0.579286262186959,0.116545265348595,0.944630362032248,0.839017916390179,"8.1.3.6.1",0.331801440924219
9,"xgbDART","rose","LASSO","DROP","UNKNOWN","HARD",2,"year1",0.56561500533049,0.146103896103896,0.93014096185738,0.841360294117647,"9.1.3.6.1",0.368642399152876
12,"xgbDART","rose","LASSO","DROP","DROP","HARD",2,"year1",0.545511987052886,0.00285714285714286,0.998655913978495,0.880670277589709,"12.1.3.6.1",0.0534163140937965
13,"xgbDART","rose","LASSO","MEDIAN","UNKNOWN","HARD",2,"year1",0.592823746285068,0.046242774566474,0.98424289008455,0.858267716535433,"13.1.3.6.1",0.213340390186281
16,"xgbDART","rose","LASSO","MEDIAN","DROP","HARD",2,"year1",0.574377367784737,0.0832466181061394,0.969577121995741,0.856536164565362,"16.1.3.6.1",0.284102123186767
1,"xgbDART","smote","LASSO","DROP","UNKNOWN","LABEL",2,"year1",0.561265978010381,0.220779220779221,0.863391376451078,0.790625,"1.1.4.6.1",0.436599215895274
4,"xgbDART","smote","LASSO","DROP","DROP","LABEL",2,"year1",0.547421274961598,0.195714285714286,0.852534562211982,0.774712254570074,"4.1.4.6.1",0.408476673618041
5,"xgbDART","smote","LASSO","MEDIAN","UNKNOWN","LABEL",2,"year1",0.578471418691037,0.243600330305533,0.81373302587753,0.737163136298104,"5.1.4.6.1",0.445225374259247
8,"xgbDART","smote","LASSO","MEDIAN","DROP","LABEL",2,"year1",0.568343839937039,0.270551508844953,0.8028597505324,0.734970139349701,"8.1.4.6.1",0.466063211267982
9,"xgbDART","smote","LASSO","DROP","UNKNOWN","HARD",2,"year1",0.579909570114794,0.211038961038961,0.866500829187396,0.792279411764706,"9.1.4.6.1",0.427627682372302
12,"xgbDART","smote","LASSO","DROP","DROP","HARD",2,"year1",0.549857362299758,0.215714285714286,0.845622119815668,0.770988490182803,"12.1.4.6.1",0.427098081897164
13,"xgbDART","smote","LASSO","MEDIAN","UNKNOWN","HARD",2,"year1",0.584575628690205,0.282411230388109,0.809377401998463,0.738604857491405,"13.1.4.6.1",0.478097550659609
16,"xgbDART","smote","LASSO","MEDIAN","DROP","HARD",2,"year1",0.578152764635509,0.254942767950052,0.814876787344083,0.743463835434638,"16.1.4.6.1",0.455792654288928
1,"xgbDART","none","LASSO","DROP","UNKNOWN","LABEL",3,"year1",0.606664861766903,0.0251177394034537,0.987558987558988,0.871862615587847,"1.1.10.2",0.157496823126834
4,"xgbDART","none","LASSO","DROP","DROP","LABEL",3,"year1",0.58615813494857,0.00960219478737997,0.991348800629178,0.868271711092003,"4.1.10.2",0.0975659996406375
5,"xgbDART","none","LASSO","MEDIAN","UNKNOWN","LABEL",3,"year1",0.633886066970088,0.0483091787439614,0.987652733118971,0.858267716535433,"5.1.10.2",0.218432352047965
8,"xgbDART","none","LASSO","MEDIAN","DROP","LABEL",3,"year1",0.62124609991233,0.0322906155398587,0.990893656428461,0.863721552878179,"8.1.10.2",0.178875839901917
9,"xgbDART","none","LASSO","DROP","UNKNOWN","HARD",3,"year1",0.619427456162149,0.0470957613814757,0.988202488202488,0.875070768069447,"9.1.10.2",0.215731658735951
12,"xgbDART","none","LASSO","DROP","DROP","HARD",3,"year1",0.590687095537011,0.0150891632373114,0.993708218639402,0.871023215821152,"12.1.10.2",0.122450910659365
13,"xgbDART","none","LASSO","MEDIAN","UNKNOWN","HARD",3,"year1",0.613888604108093,0.0628019323671498,0.982765273311897,0.856049683930354,"13.1.10.2",0.24843421307726
16,"xgbDART","none","LASSO","MEDIAN","DROP","HARD",3,"year1",0.629792378979888,0.0464177598385469,0.987806760302516,0.862918340026774,"16.1.10.2",0.21413028035898
1,"xgbDART","down","LASSO","DROP","UNKNOWN","LABEL",3,"year1",0.643420163828328,0.6138147566719,0.599099099099099,0.600868088318551,"1.1.1.6.2",0.606412291873992
4,"xgbDART","down","LASSO","DROP","DROP","LABEL",3,"year1",0.612737728625934,0.576131687242798,0.576091230829729,0.57609630266552,"4.1.1.6.2",0.576111458681141
5,"xgbDART","down","LASSO","MEDIAN","UNKNOWN","LABEL",3,"year1",0.651533000916477,0.585346215780998,0.624951768488746,0.619496506598647,"5.1.1.6.2",0.604824894271499
8,"xgbDART","down","LASSO","MEDIAN","DROP","LABEL",3,"year1",0.650227569035036,0.589303733602422,0.630344188918043,0.624899598393574,"8.1.1.6.2",0.609478616510861
9,"xgbDART","down","LASSO","DROP","UNKNOWN","HARD",3,"year1",0.632766204194776,0.569858712715856,0.606821106821107,0.602377807133421,"9.1.1.6.2",0.588049568303461
12,"xgbDART","down","LASSO","DROP","DROP","HARD",3,"year1",0.626160357354193,0.58161865569273,0.592803775068816,0.59140154772141,"12.1.1.6.2",0.587184583197737
13,"xgbDART","down","LASSO","MEDIAN","UNKNOWN","HARD",3,"year1",0.651341887112892,0.589371980676328,0.616334405144695,0.612620605522901,"13.1.1.6.2",0.602702438288659
16,"xgbDART","down","LASSO","MEDIAN","DROP","HARD",3,"year1",0.652072386623928,0.585267406659939,0.62880074085507,0.623025435073628,"16.1.1.6.2",0.606643700128911
1,"xgbDART","up","LASSO","DROP","UNKNOWN","LABEL",3,"year1",0.64763558130905,0.532182103610675,0.673316173316173,0.65635025476505,"1.1.2.6.2",0.598604057378908
4,"xgbDART","up","LASSO","DROP","DROP","LABEL",3,"year1",0.630229463380744,0.541838134430727,0.652968934329532,0.639036973344798,"4.1.2.6.2",0.594813810547749
5,"xgbDART","up","LASSO","MEDIAN","UNKNOWN","LABEL",3,"year1",0.658190554597656,0.584541062801932,0.647073954983923,0.638460685372075,"5.1.2.6.2",0.615013249741623
8,"xgbDART","up","LASSO","MEDIAN","DROP","LABEL",3,"year1",0.662542135275513,0.559031281533804,0.670473838555333,0.655689424364123,"8.1.2.6.2",0.612222058735616
9,"xgbDART","up","LASSO","DROP","UNKNOWN","HARD",3,"year1",0.647921637717556,0.552590266875981,0.661089661089661,0.648046801283261,"9.1.2.6.2",0.60441021851925
12,"xgbDART","up","LASSO","DROP","DROP","HARD",3,"year1",0.631863632759338,0.550068587105624,0.64726700747149,0.635081685296647,"12.1.2.6.2",0.596691920742964
13,"xgbDART","up","LASSO","MEDIAN","UNKNOWN","HARD",3,"year1",0.661395943685892,0.574074074074074,0.651832797427653,0.64112232449817,"13.1.2.6.2",0.611719142772558
16,"xgbDART","up","LASSO","MEDIAN","DROP","HARD",3,"year1",0.656238372548491,0.552976791120081,0.67572156196944,0.659437751004016,"16.1.2.6.2",0.611275994153631
1,"xgbDART","rose","LASSO","DROP","UNKNOWN","LABEL",3,"year1",0.583523756993145,0.194662480376766,0.908622908622909,0.822796754104548,"1.1.3.6.2",0.420564845320775
4,"xgbDART","rose","LASSO","DROP","DROP","LABEL",3,"year1",0.574474997127595,0.196159122085048,0.888910735351947,0.802063628546862,"4.1.3.6.2",0.417573885029479
5,"xgbDART","rose","LASSO","MEDIAN","UNKNOWN","LABEL",3,"year1",0.581634175766708,0.172302737520129,0.88951768488746,0.790728623710769,"5.1.3.6.2",0.391492442045407
8,"xgbDART","rose","LASSO","MEDIAN","DROP","LABEL",3,"year1",0.585835024870384,0.0756811301715439,0.969285383546844,0.850736278447122,"8.1.3.6.2",0.270844260204243
9,"xgbDART","rose","LASSO","DROP","UNKNOWN","HARD",3,"year1",0.591647657974189,0.0879120879120879,0.965679965679966,0.860162294772599,"9.1.3.6.2",0.291367366116728
12,"xgbDART","rose","LASSO","DROP","DROP","HARD",3,"year1",0.590548330040181,0.156378600823045,0.914471097129375,0.819432502149613,"12.1.3.6.2",0.378158314284119
13,"xgbDART","rose","LASSO","MEDIAN","UNKNOWN","HARD",3,"year1",0.592955972888868,0.198872785829308,0.902636655948553,0.805700343795054,"13.1.3.6.2",0.423686046926423
16,"xgbDART","rose","LASSO","MEDIAN","DROP","HARD",3,"year1",0.587639270489507,0.15438950554995,0.902145392807532,0.802945113788487,"16.1.3.6.2",0.373204744248676
1,"xgbDART","smote","LASSO","DROP","UNKNOWN","LABEL",3,"year1",0.621968121968122,0.141287284144427,0.949163449163449,0.852047556142668,"1.1.4.6.2",0.366203121151992
4,"xgbDART","smote","LASSO","DROP","DROP","LABEL",3,"year1",0.590492365335435,0.117969821673525,0.931183641368462,0.829234737747205,"4.1.4.6.2",0.331438634014717
5,"xgbDART","smote","LASSO","MEDIAN","UNKNOWN","LABEL",3,"year1",0.633372684861571,0.158615136876006,0.944051446945338,0.835865587224132,"5.1.4.6.2",0.386963628103762
8,"xgbDART","smote","LASSO","MEDIAN","DROP","LABEL",3,"year1",0.618527855811114,0.142280524722503,0.941657663219633,0.835609103078983,"8.1.4.6.2",0.366032165843188
9,"xgbDART","smote","LASSO","DROP","UNKNOWN","HARD",3,"year1",0.587398398622888,0.204081632653061,0.877091377091377,0.796187959992451,"9.1.4.6.2",0.423081836318613
12,"xgbDART","smote","LASSO","DROP","DROP","HARD",3,"year1",0.573388742436673,0.248285322359396,0.811836413684624,0.741186586414445,"12.1.4.6.2",0.44896220962881
13,"xgbDART","smote","LASSO","MEDIAN","UNKNOWN","HARD",3,"year1",0.638458248546324,0.144927536231884,0.948553054662379,0.837861816568704,"13.1.4.6.2",0.370771435250137
16,"xgbDART","smote","LASSO","MEDIAN","DROP","HARD",3,"year1",0.583248931695648,0.248234106962664,0.838555332613058,0.760240963855422,"16.1.4.6.2",0.456243393519273
1,"xgbDART","none","LASSO","DROP","UNKNOWN","LABEL",4,"year1",0.576322888566092,0.110283159463487,0.928270042194093,0.826834226575494,"1.1.10.3",0.319957111326611
4,"xgbDART","none","LASSO","DROP","DROP","LABEL",4,"year1",0.532061122698483,0.0792079207920792,0.931453948638733,0.829085966700646,"4.1.10.3",0.271622036265923
5,"xgbDART","none","LASSO","MEDIAN","UNKNOWN","LABEL",4,"year1",0.575706446597499,0.157937806873977,0.901218729955099,0.800487967173117,"5.1.10.3",0.377275111454307
8,"xgbDART","none","LASSO","MEDIAN","DROP","LABEL",4,"year1",0.553740269374768,0.140657084188912,0.892558210318064,0.795493704440027,"8.1.10.3",0.35432278409977
9,"xgbDART","none","LASSO","DROP","UNKNOWN","HARD",4,"year1",0.576041804221924,0.123695976154993,0.934388185654008,0.83385695804842,"9.1.10.3",0.339970673341341
12,"xgbDART","none","LASSO","DROP","DROP","HARD",4,"year1",0.574675827442618,0.125884016973126,0.91716547596061,0.822120285423038,"12.1.10.3",0.339788867302904
13,"xgbDART","none","LASSO","MEDIAN","UNKNOWN","HARD",4,"year1",0.570465403879485,0.161211129296236,0.898781270044901,0.798824442719308,"13.1.10.3",0.380648845439262
16,"xgbDART","none","LASSO","MEDIAN","DROP","HARD",4,"year1",0.568243514140441,0.139630390143737,0.909298432506468,0.809940357852883,"16.1.10.3",0.356322459140547
1,"xgbDART","down","LASSO","DROP","UNKNOWN","LABEL",4,"year1",0.65836351688707,0.590163934426229,0.630379746835443,0.625392718536315,"1.1.1.6.3",0.609940481993953
4,"xgbDART","down","LASSO","DROP","DROP","LABEL",4,"year1",0.631613689601107,0.565770862800566,0.626568835682564,0.619266055045872,"4.1.1.6.3",0.595394315364255
5,"xgbDART","down","LASSO","MEDIAN","UNKNOWN","LABEL",4,"year1",0.652828043491727,0.595744680851064,0.615137908915972,0.612509703892647,"5.1.1.6.3",0.605363640489364
8,"xgbDART","down","LASSO","MEDIAN","DROP","LABEL",4,"year1",0.65005427994389,0.590349075975359,0.628671435093593,0.623724320742213,"8.1.1.6.3",0.609208995993662
9,"xgbDART","down","LASSO","DROP","UNKNOWN","HARD",4,"year1",0.653152609305338,0.594634873323398,0.628059071729958,0.623914248752541,"9.1.1.6.3",0.611118504512631
12,"xgbDART","down","LASSO","DROP","DROP","HARD",4,"year1",0.621364213490833,0.527581329561528,0.637188646456845,0.624023105674482,"12.1.1.6.3",0.579800684096882
13,"xgbDART","down","LASSO","MEDIAN","UNKNOWN","HARD",4,"year1",0.655228864866794,0.594108019639935,0.636305323925593,0.630586669624044,"13.1.1.6.3",0.61484477381188
16,"xgbDART","down","LASSO","MEDIAN","DROP","HARD",4,"year1",0.656666152095715,0.574948665297741,0.641302693653934,0.63273691186216,"16.1.1.6.3",0.60721999947974
1,"xgbDART","up","LASSO","DROP","UNKNOWN","LABEL",4,"year1",0.666179328038635,0.582712369597616,0.660759493670886,0.651081131029385,"1.1.2.6.3",0.620510056559185
4,"xgbDART","up","LASSO","DROP","DROP","LABEL",4,"year1",0.629485494269781,0.564356435643564,0.630044410117783,0.622154264356099,"4.1.2.6.3",0.596296585258732
5,"xgbDART","up","LASSO","MEDIAN","UNKNOWN","LABEL",4,"year1",0.669966899340612,0.59328968903437,0.642719692110327,0.636020849506488,"5.1.2.6.3",0.61751029648776
8,"xgbDART","up","LASSO","MEDIAN","DROP","LABEL",4,"year1",0.660529965372708,0.590349075975359,0.655151422918886,0.646785950960901,"8.1.2.6.3",0.62190677528397
9,"xgbDART","up","LASSO","DROP","UNKNOWN","HARD",4,"year1",0.658247970470423,0.573770491803279,0.65084388185654,0.641286268711883,"9.1.2.6.3",0.61109329417036
12,"xgbDART","up","LASSO","DROP","DROP","HARD",4,"year1",0.631163061138266,0.543140028288543,0.64394670785866,0.631838260278627,"12.1.2.6.3",0.59139938546017
13,"xgbDART","up","LASSO","MEDIAN","UNKNOWN","HARD",4,"year1",0.656501135374663,0.585924713584288,0.63758819756254,0.630586669624044,"13.1.2.6.3",0.611210832725954
16,"xgbDART","up","LASSO","MEDIAN","DROP","HARD",4,"year1",0.656353815861306,0.571868583162218,0.656216709785421,0.645328031809145,"16.1.2.6.3",0.612592621627424
1,"xgbDART","rose","LASSO","DROP","UNKNOWN","LABEL",4,"year1",0.632631408502959,0.137108792846498,0.944514767932489,0.844391055257808,"1.1.3.6.3",0.359862862291893
4,"xgbDART","rose","LASSO","DROP","DROP","LABEL",4,"year1",0.540081216904411,0.168316831683168,0.857501448156015,0.774719673802243,"4.1.3.6.3",0.379910419595658
5,"xgbDART","rose","LASSO","MEDIAN","UNKNOWN","LABEL",4,"year1",0.590086599219568,0.100654664484452,0.952405388069275,0.836974603526672,"5.1.3.6.3",0.309619193186238
8,"xgbDART","rose","LASSO","MEDIAN","DROP","LABEL",4,"year1",0.601856220959683,0.0626283367556468,0.982803226297367,0.864015904572565,"8.1.3.6.3",0.248095407900041
9,"xgbDART","rose","LASSO","DROP","UNKNOWN","HARD",4,"year1",0.633011532632824,0.0968703427719821,0.960548523206751,0.853446682683423,"9.1.3.6.3",0.305038792110379
12,"xgbDART","rose","LASSO","DROP","DROP","HARD",4,"year1",0.580147412860062,0.0678925035360679,0.942459934350261,0.837410805300714,"12.1.3.6.3",0.252954471052554
13,"xgbDART","rose","LASSO","MEDIAN","UNKNOWN","HARD",4,"year1",0.601700070022645,1,0.000128287363694676,0.135632693800599,"13.1.3.6.3",0.0113264011801929
16,"xgbDART","rose","LASSO","MEDIAN","DROP","HARD",4,"year1",0.617382253614522,0.0913757700205339,0.977781159640846,0.863353214049039,"16.1.3.6.3",0.298907186888761
1,"xgbDART","smote","LASSO","DROP","UNKNOWN","LABEL",4,"year1",0.566242682060279,0.253353204172876,0.822151898734177,0.751617076326003,"1.1.4.6.3",0.456393271051533
4,"xgbDART","smote","LASSO","DROP","DROP","LABEL",4,"year1",0.536626944905618,0.220650636492221,0.842440625603398,0.767753992524635,"4.1.4.6.3",0.431143897378004
5,"xgbDART","smote","LASSO","MEDIAN","UNKNOWN","LABEL",4,"year1",0.586917838347424,0.308510638297872,0.8120590121873,0.743817234113341,"5.1.4.6.3",0.500528564804691
8,"xgbDART","smote","LASSO","MEDIAN","DROP","LABEL",4,"year1",0.586802598812466,0.267967145790554,0.816618475117942,0.745791915175613,"8.1.4.6.3",0.467789399171454
9,"xgbDART","smote","LASSO","DROP","UNKNOWN","HARD",4,"year1",0.603419230696674,0.269746646795827,0.831223628691983,0.761596747366476,"9.1.4.6.3",0.473518517670769
12,"xgbDART","smote","LASSO","DROP","DROP","HARD",4,"year1",0.548143506320952,0.234794908062235,0.811353543155049,0.742099898063201,"12.1.4.6.3",0.436464982067357
13,"xgbDART","smote","LASSO","MEDIAN","UNKNOWN","HARD",4,"year1",0.575185948439398,0.265957446808511,0.809364977549711,0.735721415104802,"13.1.4.6.3",0.463957587463928
16,"xgbDART","smote","LASSO","MEDIAN","DROP","HARD",4,"year1",0.573193238787692,0.283367556468172,0.813879166032567,0.745394300861498,"16.1.4.6.3",0.480236348623261
1,"xgbDART","none","LASSO","DROP","UNKNOWN","LABEL",5,"year1",0.584097468880996,0.0818181818181818,0.971277719112988,0.862465245597776,"1.1.10.4",0.281901005706499
4,"xgbDART","none","LASSO","DROP","DROP","LABEL",5,"year1",0.5491854526916,0.0434782608695652,0.970163806552262,0.857045026536552,"4.1.10.4",0.20538022073094
5,"xgbDART","none","LASSO","MEDIAN","UNKNOWN","LABEL",5,"year1",0.596314716112403,0.0982142857142857,0.963776493256262,0.845514029056227,"5.1.10.4",0.307663159759798
8,"xgbDART","none","LASSO","MEDIAN","DROP","LABEL",5,"year1",0.588288780169702,0.0831663326653307,0.96438986953185,0.847331292426461,"8.1.10.4",0.283204464492636
9,"xgbDART","none","LASSO","DROP","UNKNOWN","HARD",5,"year1",0.584094908962913,0.0590909090909091,0.964308342133052,0.85356811862836,"9.1.10.4",0.238708727491454
12,"xgbDART","none","LASSO","DROP","DROP","HARD",5,"year1",0.570812173300396,0.0490883590462833,0.97484399375975,0.861838726245506,"12.1.10.4",0.218754410195066
13,"xgbDART","none","LASSO","MEDIAN","UNKNOWN","HARD",5,"year1",0.603029677451642,0.0868506493506493,0.965317919075145,0.845292225795719,"13.1.10.4",0.289548766361547
16,"xgbDART","none","LASSO","MEDIAN","DROP","HARD",5,"year1",0.590003260550264,0.0681362725450902,0.966999232540292,0.847597497670704,"16.1.10.4",0.256686040250066
1,"xgbDART","down","LASSO","DROP","UNKNOWN","LABEL",5,"year1",0.633266295478545,0.557575757575758,0.620274551214361,0.612604263206673,"1.1.1.6.4",0.588090174036525
4,"xgbDART","down","LASSO","DROP","DROP","LABEL",5,"year1",0.621178339419692,0.551192145862553,0.612909516380655,0.60537579181647,"4.1.1.6.4",0.581232235473423
5,"xgbDART","down","LASSO","MEDIAN","UNKNOWN","LABEL",5,"year1",0.640938336711457,0.56737012987013,0.622992935131663,0.61539314627925,"5.1.1.6.4",0.594531397416339
8,"xgbDART","down","LASSO","MEDIAN","DROP","LABEL",5,"year1",0.639777867323288,0.585170340681363,0.635303146584804,0.62864368428058,"8.1.1.6.4",0.609721705963443
9,"xgbDART","down","LASSO","DROP","UNKNOWN","HARD",5,"year1",0.621829061470033,0.560606060606061,0.599155227032735,0.594439295644115,"9.1.1.6.4",0.579560222512166
12,"xgbDART","down","LASSO","DROP","DROP","HARD",5,"year1",0.613354369378141,0.488078541374474,0.65308112324493,0.632939565142955,"12.1.1.6.4",0.564583813115988
13,"xgbDART","down","LASSO","MEDIAN","UNKNOWN","HARD",5,"year1",0.636857947768352,0.555194805194805,0.643416827231856,0.631362981035821,"13.1.1.6.4",0.59768024900782
16,"xgbDART","down","LASSO","MEDIAN","DROP","HARD",5,"year1",0.634633118885508,0.56813627254509,0.62854950115119,0.620524424331159,"16.1.1.6.4",0.597579928289189
1,"xgbDART","up","LASSO","DROP","UNKNOWN","LABEL",5,"year1",0.630853732680554,0.504545454545455,0.67117212249208,0.650787766450417,"1.1.2.6.4",0.581925118568535
4,"xgbDART","up","LASSO","DROP","DROP","LABEL",5,"year1",0.629202513822853,0.514726507713885,0.660101404056162,0.642355760999829,"4.1.2.6.4",0.582899382781334
5,"xgbDART","up","LASSO","MEDIAN","UNKNOWN","LABEL",5,"year1",0.651087099316869,0.547077922077922,0.651766217084136,0.637462570699789,"5.1.2.6.4",0.597132236378993
8,"xgbDART","up","LASSO","MEDIAN","DROP","LABEL",5,"year1",0.658924756650677,0.576152304609218,0.660936300844206,0.649673898575802,"8.1.2.6.4",0.617089922889104
9,"xgbDART","up","LASSO","DROP","UNKNOWN","HARD",5,"year1",0.638171418514607,0.53030303030303,0.668004223864836,0.651158480074143,"9.1.2.6.4",0.595184563115297
12,"xgbDART","up","LASSO","DROP","DROP","HARD",5,"year1",0.629816665317384,0.52875175315568,0.65405616224649,0.638760486218113,"12.1.2.6.4",0.588075966563936
13,"xgbDART","up","LASSO","MEDIAN","UNKNOWN","HARD",5,"year1",0.654570581954976,0.563311688311688,0.659858702633269,0.646667406010868,"13.1.2.6.4",0.609677061916805
16,"xgbDART","up","LASSO","MEDIAN","DROP","HARD",5,"year1",0.656775638767943,0.569138276553106,0.658480429777437,0.646612538267004,"16.1.2.6.4",0.612181686223526
1,"xgbDART","rose","LASSO","DROP","UNKNOWN","LABEL",5,"year1",0.606593389011552,0.189393939393939,0.915945089757128,0.827062094531974,"1.1.3.6.4",0.416502639628656
4,"xgbDART","rose","LASSO","DROP","DROP","LABEL",5,"year1",0.58488377753904,0.180925666199158,0.885920436817473,0.799863037151173,"4.1.3.6.4",0.400357022207243
5,"xgbDART","rose","LASSO","MEDIAN","UNKNOWN","LABEL",5,"year1",0.620990457840169,0.237824675324675,0.891201027617213,0.801929688366419,"5.1.3.6.4",0.460379837788408
8,"xgbDART","rose","LASSO","MEDIAN","DROP","LABEL",5,"year1",0.613272131369416,0.147294589178357,0.940445126630852,0.835085851191268,"8.1.3.6.4",0.372186080572446
9,"xgbDART","rose","LASSO","DROP","UNKNOWN","HARD",5,"year1",0.600473584845285,0.0939393939393939,0.957550158394931,0.851899907321594,"9.1.3.6.4",0.299919458432077
12,"xgbDART","rose","LASSO","DROP","DROP","HARD",5,"year1",0.565012537387891,0,0.999804992199688,0.877760657421674,"12.1.3.6.4",0
13,"xgbDART","rose","LASSO","MEDIAN","UNKNOWN","HARD",5,"year1",0.616121162074919,0.0852272727272727,0.968143866409762,0.847510258400799,"13.1.3.6.4",0.287249475790194
16,"xgbDART","rose","LASSO","MEDIAN","DROP","HARD",5,"year1",0.599503073683823,0.0961923847695391,0.964543361473523,0.849194729136164,"16.1.3.6.4",0.304600929338316
1,"xgbDART","smote","LASSO","DROP","UNKNOWN","LABEL",5,"year1",0.608819877763912,0.262121212121212,0.8519535374868,0.779796107506951,"1.1.4.6.4",0.472562264592714
4,"xgbDART","smote","LASSO","DROP","DROP","LABEL",5,"year1",0.551904074760465,0.157082748948107,0.884165366614665,0.795411744564287,"4.1.4.6.4",0.372675631498146
5,"xgbDART","smote","LASSO","MEDIAN","UNKNOWN","LABEL",5,"year1",0.587807367648408,0.193993506493506,0.89145793192036,0.796162803593213,"5.1.4.6.4",0.41585700680003
8,"xgbDART","smote","LASSO","MEDIAN","DROP","LABEL",5,"year1",0.586228173922673,0.188376753507014,0.892402148887183,0.798881937974178,"8.1.4.6.4",0.410009536023311
9,"xgbDART","smote","LASSO","DROP","UNKNOWN","HARD",5,"year1",0.600059518095421,0.325757575757576,0.797254487856389,0.739573679332715,"9.1.4.6.4",0.509619160968212
12,"xgbDART","smote","LASSO","DROP","DROP","HARD",5,"year1",0.572597055354865,0.194950911640954,0.881240249609984,0.797466187296696,"12.1.4.6.4",0.414485934666266
13,"xgbDART","smote","LASSO","MEDIAN","UNKNOWN","HARD",5,"year1",0.597445241014605,0.189123376623377,0.897880539499037,0.801042475324387,"13.1.4.6.4",0.412080331288059
16,"xgbDART","smote","LASSO","MEDIAN","DROP","HARD",5,"year1",0.607960125931064,0.207414829659319,0.902225633154259,0.809929455610276,"16.1.4.6.4",0.432591003159984
1,"xgbDART","none","RF","DROP","UNKNOWN","LABEL",1,"year1",0.594713910347045,0.0594679186228482,0.973287376130978,0.862715394811589,"1.2.10",0.240581326125704
4,"xgbDART","none","RF","DROP","DROP","LABEL",1,"year1",0.565502999096163,0.0358620689655172,0.977760127084988,0.859225828849158,"4.2.10",0.187255176455164
5,"xgbDART","none","RF","MEDIAN","UNKNOWN","LABEL",1,"year1",0.597640124332145,0.0579365079365079,0.981565038030166,0.852500831762227,"5.2.10",0.238471068719108
8,"xgbDART","none","RF","MEDIAN","DROP","LABEL",1,"year1",0.587580984771106,0.0467196819085487,0.976979312490278,0.851109616677875,"8.2.10",0.213644945436999
9,"xgbDART","none","RF","DROP","UNKNOWN","HARD",1,"year1",0.57324934816424,0.0672926447574335,0.969194312796208,0.860064381745882,"9.2.10",0.255381378710195
12,"xgbDART","none","RF","DROP","DROP","HARD",1,"year1",0.574518364328559,0.0441379310344828,0.974980142970612,0.857837181044957,"12.2.10",0.207445429716894
13,"xgbDART","none","RF","MEDIAN","UNKNOWN","HARD",1,"year1",0.600209488204203,0.0468253968253968,0.982854196209875,0.852057225241211,"13.2.10",0.214528640882829
16,"xgbDART","none","RF","MEDIAN","DROP","HARD",1,"year1",0.588769297421258,0.0636182902584493,0.973868408772748,0.850706119704102,"16.2.10",0.248909306983164
1,"xgbDART","down","RF","DROP","UNKNOWN","LABEL",1,"year1",0.626166207836323,0.561815336463224,0.627746660922016,0.619768983147131,"1.2.1.6",0.593866737172211
4,"xgbDART","down","RF","DROP","DROP","LABEL",1,"year1",0.623761743036345,0.6,0.588165210484512,0.589654573858705,"4.2.1.6",0.594053134231869
5,"xgbDART","down","RF","MEDIAN","UNKNOWN","LABEL",1,"year1",0.636833090848818,0.596825396825397,0.604615186283357,0.603526671842076,"5.2.1.6",0.600707664742365
8,"xgbDART","down","RF","MEDIAN","DROP","LABEL",1,"year1",0.614326871250333,0.548707753479125,0.610048219007622,0.601748486886348,"8.2.1.6",0.578565629609652
9,"xgbDART","down","RF","DROP","UNKNOWN","HARD",1,"year1",0.622031003580967,0.552425665101721,0.617190866006032,0.609354288960424,"9.2.1.6",0.583911016035911
12,"xgbDART","down","RF","DROP","DROP","HARD",1,"year1",0.622053079893731,0.576551724137931,0.617156473391581,0.612046519701441,"12.2.1.6",0.596508699682411
13,"xgbDART","down","RF","MEDIAN","UNKNOWN","HARD",1,"year1",0.629279391271785,0.597619047619048,0.59907180611061,0.59886880337141,"13.2.1.6",0.59834498595981
16,"xgbDART","down","RF","MEDIAN","DROP","HARD",1,"year1",0.635340778474278,0.549701789264413,0.644579250272204,0.631741761936785,"16.2.1.6",0.595253195873273
1,"xgbDART","up","RF","DROP","UNKNOWN","LABEL",1,"year1",0.586093057940732,0.492957746478873,0.648211977595864,0.629426245029351,"1.2.2.6",0.565279679199837
4,"xgbDART","up","RF","DROP","DROP","LABEL",1,"year1",0.569879899208457,0.470344827586207,0.631056393963463,0.610831452872765,"4.2.2.6",0.544806489329852
5,"xgbDART","up","RF","MEDIAN","UNKNOWN","LABEL",1,"year1",0.600011254555538,0.527777777777778,0.616217609900735,0.603859376732838,"5.2.2.6",0.570285858829538
8,"xgbDART","up","RF","MEDIAN","DROP","LABEL",1,"year1",0.626188273995783,0.473161033797217,0.710841499455592,0.678681909885676,"8.2.2.6",0.579950427837045
9,"xgbDART","up","RF","DROP","UNKNOWN","HARD",1,"year1",0.593072942899389,0.446009389671362,0.70702283498492,0.675440257526984,"9.2.2.6",0.561550374512688
12,"xgbDART","up","RF","DROP","DROP","HARD",1,"year1",0.588561392457068,0.48,0.655877680698967,0.633744141642076,"12.2.2.6",0.561089374997874
13,"xgbDART","up","RF","MEDIAN","UNKNOWN","HARD",1,"year1",0.616319463628346,0.503174603174603,0.665076704911693,0.642453144061218,"13.2.2.6",0.578489158994889
16,"xgbDART","up","RF","MEDIAN","DROP","HARD",1,"year1",0.5813924974032,0.430417495029821,0.685954269715352,0.65137861466039,"16.2.2.6",0.543366099858919
1,"xgbDART","rose","RF","DROP","UNKNOWN","LABEL",1,"year1",0.605509234255647,0.120500782472613,0.946790176647997,0.846809316417345,"1.2.3.6",0.337770568764461
4,"xgbDART","rose","RF","DROP","DROP","LABEL",1,"year1",0.595610774834982,0.179310344827586,0.897736298649722,0.807325117167158,"4.2.3.6",0.401214911581216
5,"xgbDART","rose","RF","MEDIAN","UNKNOWN","LABEL",1,"year1",0.62916981282651,0.157936507936508,0.931674616475442,0.823555506265942,"5.2.3.6",0.383595405941229
8,"xgbDART","rose","RF","MEDIAN","DROP","LABEL",1,"year1",0.601840195411757,0.12624254473161,0.930937937470835,0.822057834566241,"8.2.3.6",0.342817698220957
9,"xgbDART","rose","RF","DROP","UNKNOWN","HARD",1,"year1",0.58580717393547,0.154929577464789,0.928479103834554,0.834879757621663,"9.2.3.6",0.379274142596056
12,"xgbDART","rose","RF","DROP","DROP","HARD",1,"year1",0.571184985346882,0.0937931034482759,0.948768864177919,0.84117340739455,"12.2.3.6",0.298308525232422
13,"xgbDART","rose","RF","MEDIAN","UNKNOWN","HARD",1,"year1",0.602110024534931,0.153174603174603,0.916720381590821,0.810025507374958,"13.2.3.6",0.374724272862387
16,"xgbDART","rose","RF","MEDIAN","DROP","HARD",1,"year1",0.589640335000419,0.0576540755467197,0.970290869497589,0.846805648957633,"16.2.3.6",0.23651896983605
1,"xgbDART","smote","RF","DROP","UNKNOWN","LABEL",1,"year1",0.567758217648078,0.176838810641628,0.889271865575183,0.803067600833176,"1.2.4.6",0.396557409520206
4,"xgbDART","smote","RF","DROP","DROP","LABEL",1,"year1",0.562991427241106,0.140689655172414,0.88582208101668,0.792049991320951,"4.2.4.6",0.353024082921189
5,"xgbDART","smote","RF","MEDIAN","UNKNOWN","LABEL",1,"year1",0.606028963087104,0.154761904761905,0.916204718318938,0.80980370411445,"5.2.4.6",0.376554892889315
8,"xgbDART","smote","RF","MEDIAN","DROP","LABEL",1,"year1",0.578592452131201,0.147117296222664,0.904495255871831,0.802017484868863,"8.2.4.6",0.364783355555171
9,"xgbDART","smote","RF","DROP","UNKNOWN","HARD",1,"year1",0.565200095204768,0.183098591549296,0.885609651012495,0.80060594584359,"9.2.4.6",0.40268334924957
12,"xgbDART","smote","RF","DROP","DROP","HARD",1,"year1",0.563395825915478,0.153103448275862,0.895750595710882,0.802291268876931,"12.2.4.6",0.370327564459484
13,"xgbDART","smote","RF","MEDIAN","UNKNOWN","HARD",1,"year1",0.592928097714096,0.137301587301587,0.917880623952559,0.808805589442165,"13.2.4.6",0.35500206565886
16,"xgbDART","smote","RF","MEDIAN","DROP","HARD",1,"year1",0.588595043520182,0.162027833001988,0.90496189142946,0.8044384667115,"16.2.4.6",0.382921681571697
1,"xgbDART","none","RF","DROP","UNKNOWN","LABEL",2,"year1",0.533480796773707,0.136363636363636,0.896766169154229,0.810661764705882,"1.2.10.1",0.349694575013337
4,"xgbDART","none","RF","DROP","DROP","LABEL",2,"year1",0.516185538731622,0.11,0.901497695852535,0.807718348002708,"4.2.10.1",0.314904345069703
5,"xgbDART","none","RF","MEDIAN","UNKNOWN","LABEL",2,"year1",0.566670432640585,0.189099917423617,0.874711760184473,0.782632804702229,"5.2.10.1",0.406703727079493
8,"xgbDART","none","RF","MEDIAN","DROP","LABEL",2,"year1",0.513878340778655,0.136316337148803,0.884849406753879,0.789382879893829,"8.2.10.1",0.347303080978244
9,"xgbDART","none","RF","DROP","UNKNOWN","HARD",2,"year1",0.531162168055825,0.159090909090909,0.892620232172471,0.809558823529412,"9.2.10.1",0.376839175523534
12,"xgbDART","none","RF","DROP","DROP","HARD",2,"year1",0.539837201009436,0.124285714285714,0.889976958525346,0.799255247122546,"12.2.10.1",0.332582955047534
13,"xgbDART","none","RF","MEDIAN","UNKNOWN","HARD",2,"year1",0.53973515047922,0.162675474814203,0.875992826031258,0.780192968836642,"13.2.10.1",0.377495097860185
16,"xgbDART","none","RF","MEDIAN","DROP","HARD",2,"year1",0.552071319963518,0.171696149843913,0.880590203833283,0.790179163901792,"16.2.10.1",0.388836659265097
1,"xgbDART","down","RF","DROP","UNKNOWN","LABEL",2,"year1",0.625139319635588,0.566558441558442,0.601160862354892,0.597242647058824,"1.2.1.6.1",0.583603256760718
4,"xgbDART","down","RF","DROP","DROP","LABEL",2,"year1",0.544515991880623,0.427142857142857,0.624423963133641,0.60104942450914,"4.2.1.6.1",0.516447708564352
5,"xgbDART","down","RF","MEDIAN","UNKNOWN","LABEL",2,"year1",0.623872455772551,0.564822460776218,0.61337432744043,0.606853720749695,"5.2.1.6.1",0.588597992692688
8,"xgbDART","down","RF","MEDIAN","DROP","LABEL",2,"year1",0.597781931596327,0.509885535900104,0.633100091268634,0.617385534173855,"8.2.1.6.1",0.568162458558212
9,"xgbDART","down","RF","DROP","UNKNOWN","HARD",2,"year1",0.630140187859404,0.594155844155844,0.595771144278607,0.595588235294118,"9.2.1.6.1",0.594962946033237
12,"xgbDART","down","RF","DROP","DROP","HARD",2,"year1",0.591954685099846,0.547142857142857,0.586405529953917,0.58175355450237,"12.2.1.6.1",0.566434106585539
13,"xgbDART","down","RF","MEDIAN","UNKNOWN","HARD",2,"year1",0.611622091710774,0.556564822460776,0.609018703561363,0.601974049018521,"13.2.1.6.1",0.58220132825589
16,"xgbDART","down","RF","MEDIAN","DROP","HARD",2,"year1",0.622929004526075,0.566077003121748,0.607240644965014,0.601990710019907,"16.2.1.6.1",0.58629767565249
1,"xgbDART","up","RF","DROP","UNKNOWN","LABEL",2,"year1",0.622685073011566,0.550324675324675,0.640547263681592,0.630330882352941,"1.2.2.6.1",0.593724654124857
4,"xgbDART","up","RF","DROP","DROP","LABEL",2,"year1",0.556487546631555,0.468571428571429,0.606566820276498,0.590216655382532,"4.2.2.6.1",0.533122764005616
5,"xgbDART","up","RF","MEDIAN","UNKNOWN","LABEL",2,"year1",0.614695433206539,0.531791907514451,0.6456571867794,0.630364866363536,"5.2.2.6.1",0.585965243813856
8,"xgbDART","up","RF","MEDIAN","DROP","LABEL",2,"year1",0.589790306910172,0.484911550468262,0.6314268329784,0.612740544127405,"8.2.2.6.1",0.553340911723343
9,"xgbDART","up","RF","DROP","UNKNOWN","HARD",2,"year1",0.628419556707803,0.555194805194805,0.633084577114428,0.624264705882353,"9.2.2.6.1",0.592861930353839
12,"xgbDART","up","RF","DROP","DROP","HARD",2,"year1",0.598702819837612,0.497142857142857,0.635560675883256,0.619160460392688,"12.2.2.6.1",0.562107151970376
13,"xgbDART","up","RF","MEDIAN","UNKNOWN","HARD",2,"year1",0.608238163152568,0.540875309661437,0.621188829105816,0.610402572917822,"13.2.2.6.1",0.579642735053959
16,"xgbDART","up","RF","MEDIAN","DROP","HARD",2,"year1",0.615031086103076,0.485952133194589,0.658655308792212,0.636629064366291,"16.2.2.6.1",0.565751670211866
1,"xgbDART","rose","RF","DROP","UNKNOWN","LABEL",2,"year1",0.587954437767871,0.0876623376623377,0.968905472636816,0.869117647058824,"1.2.3.6.1",0.291438704885222
4,"xgbDART","rose","RF","DROP","DROP","LABEL",2,"year1",0.541060593592275,0.154285714285714,0.876344086021505,0.790792146242383,"4.2.3.6.1",0.367705552408295
5,"xgbDART","rose","RF","MEDIAN","UNKNOWN","LABEL",2,"year1",0.596285321608883,0.28654004954583,0.827440430438125,0.754796495508484,"5.2.3.6.1",0.48692383586549
8,"xgbDART","rose","RF","MEDIAN","DROP","LABEL",2,"year1",0.553991427776372,0.0822060353798127,0.951779738363249,0.840875912408759,"8.2.3.6.1",0.279717784285658
9,"xgbDART","rose","RF","DROP","UNKNOWN","HARD",2,"year1",0.573350778574659,0.207792207792208,0.877072968490879,0.801286764705882,"9.2.3.6.1",0.426906229185737
12,"xgbDART","rose","RF","DROP","DROP","HARD",2,"year1",0.569153774412991,0.12,0.941820276497696,0.844448205822613,"12.2.3.6.1",0.33618214286265
13,"xgbDART","rose","RF","MEDIAN","UNKNOWN","HARD",2,"year1",0.601396361772995,0.18579686209744,0.899052011273379,0.803260507929467,"13.2.3.6.1",0.408706548218873
16,"xgbDART","rose","RF","MEDIAN","DROP","HARD",2,"year1",0.573088273515919,0.0884495317377731,0.969120778825677,0.856801592568016,"16.2.3.6.1",0.292776841783084
1,"xgbDART","smote","RF","DROP","UNKNOWN","LABEL",2,"year1",0.550924187234821,0.222402597402597,0.832089552238806,0.763051470588235,"1.2.4.6.1",0.430184701831056
4,"xgbDART","smote","RF","DROP","DROP","LABEL",2,"year1",0.515983102918587,0.195714285714286,0.797619047619048,0.726303317535545,"4.2.4.6.1",0.395101812419117
5,"xgbDART","smote","RF","MEDIAN","UNKNOWN","LABEL",2,"year1",0.563667703155782,0.264244426094137,0.801178580579042,0.729067317289564,"5.2.4.6.1",0.460116261638321
8,"xgbDART","smote","RF","MEDIAN","DROP","LABEL",2,"year1",0.544618110571491,0.231009365244537,0.820809248554913,0.745587259455873,"8.2.4.6.1",0.435447612802638
9,"xgbDART","smote","RF","DROP","UNKNOWN","HARD",2,"year1",0.537286679427537,0.253246753246753,0.80907960199005,0.746139705882353,"9.2.4.6.1",0.452655257698566
12,"xgbDART","smote","RF","DROP","DROP","HARD",2,"year1",0.546068959842002,0.265714285714286,0.797427035330261,0.734427894380501,"12.2.4.6.1",0.460312671020515
13,"xgbDART","smote","RF","MEDIAN","UNKNOWN","HARD",2,"year1",0.557848585845058,0.233691164327002,0.816167050986421,0.737939447709881,"13.2.4.6.1",0.436727636439867
16,"xgbDART","smote","RF","MEDIAN","DROP","HARD",2,"year1",0.553665988457035,0.243496357960458,0.792820200790995,0.722760451227604,"16.2.4.6.1",0.439373225640896
1,"xgbDART","none","RF","DROP","UNKNOWN","LABEL",3,"year1",0.573606573606574,0.0345368916797488,0.988202488202488,0.873561049254576,"1.2.10.2",0.184741555402967
4,"xgbDART","none","RF","DROP","DROP","LABEL",3,"year1",0.5592503049065,0.0150891632373114,0.991545418796697,0.869131556319862,"4.2.10.2",0.122317581244201
5,"xgbDART","none","RF","MEDIAN","UNKNOWN","LABEL",3,"year1",0.607919029052819,0.0628019323671498,0.982122186495177,0.855495175779084,"5.2.10.2",0.248352916496963
8,"xgbDART","none","RF","MEDIAN","DROP","LABEL",3,"year1",0.59753306849156,0.0383451059535822,0.98981324278438,0.863587684069612,"8.2.10.2",0.194819130654117
9,"xgbDART","none","RF","DROP","UNKNOWN","HARD",3,"year1",0.569310171350988,0.0376766091051805,0.984555984555985,0.870730326476694,"9.2.10.2",0.192599924642462
12,"xgbDART","none","RF","DROP","DROP","HARD",3,"year1",0.553487154010013,0.00960219478737997,0.994494691309477,0.871023215821152,"12.2.10.2",0.0977206822579996
13,"xgbDART","none","RF","MEDIAN","UNKNOWN","HARD",3,"year1",0.598995396906762,0.034621578099839,0.990739549839228,0.859044027947211,"13.2.10.2",0.185205201604486
16,"xgbDART","none","RF","MEDIAN","DROP","HARD",3,"year1",0.598656234556759,0.0484359233097881,0.98703503627103,0.862516733601071,"16.2.10.2",0.218650299155747
1,"xgbDART","down","RF","DROP","UNKNOWN","LABEL",3,"year1",0.601165641981968,0.56043956043956,0.567567567567568,0.5667107001321,"1.2.1.6.2",0.563992303216381
4,"xgbDART","down","RF","DROP","DROP","LABEL",3,"year1",0.578180265145937,0.548696844993141,0.552693668895006,0.55219260533104,"4.2.1.6.2",0.55069163092458
5,"xgbDART","down","RF","MEDIAN","UNKNOWN","LABEL",3,"year1",0.645200511569867,0.589371980676328,0.607717041800643,0.605190196295886,"5.2.1.6.2",0.598474223853295
8,"xgbDART","down","RF","MEDIAN","DROP","LABEL",3,"year1",0.620306403253607,0.576185671039354,0.600864330915265,0.597590361445783,"8.2.1.6.2",0.588395630262517
9,"xgbDART","down","RF","DROP","UNKNOWN","HARD",3,"year1",0.603127291902802,0.590266875981162,0.572930072930073,0.575014153613889,"9.2.1.6.2",0.581533872017867
12,"xgbDART","down","RF","DROP","DROP","HARD",3,"year1",0.569562105179122,0.536351165980796,0.566456940621313,0.56268271711092,"12.2.1.6.2",0.551198549145547
13,"xgbDART","down","RF","MEDIAN","UNKNOWN","HARD",3,"year1",0.621323764698573,0.580515297906602,0.599485530546624,0.596872574026838,"13.2.1.6.2",0.589924165767068
16,"xgbDART","down","RF","MEDIAN","DROP","HARD",3,"year1",0.631934360938522,0.574167507568113,0.612748881000154,0.607630522088353,"16.2.1.6.2",0.593144584202713
1,"xgbDART","up","RF","DROP","UNKNOWN","LABEL",3,"year1",0.622122346612142,0.519623233908948,0.663020163020163,0.645782223060955,"1.2.2.6.2",0.586958841193635
4,"xgbDART","up","RF","DROP","DROP","LABEL",3,"year1",0.589623361582699,0.499314128943759,0.636256390090444,0.619088564058469,"4.2.2.6.2",0.563641557377479
5,"xgbDART","up","RF","MEDIAN","UNKNOWN","LABEL",3,"year1",0.653218126556588,0.569243156199678,0.643344051446945,0.633137407119885,"5.2.2.6.2",0.605160473236601
8,"xgbDART","up","RF","MEDIAN","DROP","LABEL",3,"year1",0.64077118514851,0.560040363269425,0.654576323506714,0.642034805890228,"8.2.2.6.2",0.605466070068559
9,"xgbDART","up","RF","DROP","UNKNOWN","HARD",3,"year1",0.618764424886873,0.500784929356358,0.657872157872158,0.638988488394037,"9.2.2.6.2",0.573979496241393
12,"xgbDART","up","RF","DROP","DROP","HARD",3,"year1",0.573689468440492,0.458161865569273,0.641761698780967,0.618744625967326,"12.2.2.6.2",0.542246011662966
13,"xgbDART","up","RF","MEDIAN","UNKNOWN","HARD",3,"year1",0.630824466294899,0.531400966183575,0.637299035369775,0.622712653876012,"13.2.2.6.2",0.581946151412103
16,"xgbDART","up","RF","MEDIAN","DROP","HARD",3,"year1",0.648905826150433,0.557013118062563,0.680351906158358,0.663989290495315,"16.2.2.6.2",0.615601280561595
1,"xgbDART","rose","RF","DROP","UNKNOWN","LABEL",3,"year1",0.579013864728151,0.164835164835165,0.91999141999142,0.829213059067749,"1.2.3.6.2",0.389418717271298
4,"xgbDART","rose","RF","DROP","DROP","LABEL",3,"year1",0.554915535100793,0.149519890260631,0.884585135666536,0.792433361994841,"4.2.3.6.2",0.363679903776722
5,"xgbDART","rose","RF","MEDIAN","UNKNOWN","LABEL",3,"year1",0.576882634067032,0.297906602254428,0.785980707395498,0.718753465675945,"5.2.3.6.2",0.483889286901172
8,"xgbDART","rose","RF","MEDIAN","DROP","LABEL",3,"year1",0.589347031136378,0.116044399596367,0.944127180120389,0.834270414993307,"8.2.3.6.2",0.330999504168332
9,"xgbDART","rose","RF","DROP","UNKNOWN","HARD",3,"year1",0.540271657618596,0.097331240188383,0.912269412269412,0.8143045857709,"9.2.3.6.2",0.297980390767764
12,"xgbDART","rose","RF","DROP","DROP","HARD",3,"year1",0.532097713565359,0.156378600823045,0.858828155721589,0.770765262252795,"12.2.3.6.2",0.366472843931414
13,"xgbDART","rose","RF","MEDIAN","UNKNOWN","HARD",3,"year1",0.584506940884685,0.119162640901771,0.932475884244373,0.820450260618831,"13.2.3.6.2",0.333341099991846
16,"xgbDART","rose","RF","MEDIAN","DROP","HARD",3,"year1",0.577252378989233,0.0857719475277497,0.96326593610125,0.846854082998661,"16.2.3.6.2",0.287439028885336
1,"xgbDART","smote","RF","DROP","UNKNOWN","LABEL",3,"year1",0.550295249274841,0.171114599686028,0.861432861432861,0.77844876391772,"1.2.4.6.2",0.383931946105653
4,"xgbDART","smote","RF","DROP","DROP","LABEL",3,"year1",0.529163275070704,0.253772290809328,0.799252850963429,0.730868443680138,"4.2.4.6.2",0.450364548921066
5,"xgbDART","smote","RF","MEDIAN","UNKNOWN","LABEL",3,"year1",0.588388710253662,0.121578099838969,0.911897106109325,0.803038704668959,"5.2.4.6.2",0.332966540975857
8,"xgbDART","smote","RF","MEDIAN","DROP","LABEL",3,"year1",0.567273387637993,0.24117053481332,0.822194783145547,0.745113788487282,"8.2.4.6.2",0.445296705098896
9,"xgbDART","smote","RF","DROP","UNKNOWN","HARD",3,"year1",0.568392736760084,0.204081632653061,0.856284856284856,0.777882619362144,"9.2.4.6.2",0.418033505220222
12,"xgbDART","smote","RF","DROP","DROP","HARD",3,"year1",0.53755528368846,0.178326474622771,0.85273299252851,0.768185726569218,"12.2.4.6.2",0.389954956824676
13,"xgbDART","smote","RF","MEDIAN","UNKNOWN","HARD",3,"year1",0.578738576406688,0.27938808373591,0.797942122186495,0.726516579793723,"13.2.4.6.2",0.472160481668945
16,"xgbDART","smote","RF","MEDIAN","DROP","HARD",3,"year1",0.585061509753859,0.225025227043391,0.854761537274271,0.771218206157965,"16.2.4.6.2",0.438569161014657
1,"xgbDART","none","RF","DROP","UNKNOWN","LABEL",4,"year1",0.561901123708552,0.123695976154993,0.919831223628692,0.821105156163371,"1.2.10.3",0.337312053008179
4,"xgbDART","none","RF","DROP","DROP","LABEL",4,"year1",0.541720412076515,0.13012729844413,0.923730449893802,0.828406388039416,"4.2.10.3",0.34670239101463
5,"xgbDART","none","RF","MEDIAN","UNKNOWN","LABEL",4,"year1",0.56833317761081,0.133387888707038,0.903912764592688,0.799489852500832,"5.2.10.3",0.347233372883944
8,"xgbDART","none","RF","MEDIAN","DROP","LABEL",4,"year1",0.576178010716616,0.168377823408624,0.903667630497641,0.808747514910537,"8.2.10.3",0.390073824689663
9,"xgbDART","none","RF","DROP","UNKNOWN","HARD",4,"year1",0.559619750105328,0.141579731743666,0.921308016877637,0.824616521899834,"9.2.10.3",0.361162763699173
12,"xgbDART","none","RF","DROP","DROP","HARD",4,"year1",0.561888630316153,0.115983026874116,0.908862714809809,0.813625552157662,"12.2.10.3",0.32467314129239
13,"xgbDART","none","RF","MEDIAN","UNKNOWN","HARD",4,"year1",0.558441403014438,0.146481178396072,0.906606799230276,0.803593212820228,"13.2.10.3",0.364418485114493
16,"xgbDART","none","RF","MEDIAN","DROP","HARD",4,"year1",0.56215397317002,0.151950718685832,0.897884644650738,0.801590457256461,"16.2.10.3",0.369370027278408
1,"xgbDART","down","RF","DROP","UNKNOWN","LABEL",4,"year1",0.638250422884165,0.582712369597616,0.634177215189873,0.627795231934947,"1.2.1.6.3",0.607900409448874
4,"xgbDART","down","RF","DROP","DROP","LABEL",4,"year1",0.595365272604275,0.553041018387553,0.578296968526743,0.575263336731227,"4.2.1.6.3",0.565528022651808
5,"xgbDART","down","RF","MEDIAN","UNKNOWN","LABEL",4,"year1",0.652056219680037,0.588379705400982,0.620654265554843,0.616280359321282,"5.2.1.6.3",0.604301558762694
8,"xgbDART","down","RF","MEDIAN","DROP","LABEL",4,"year1",0.648126904446361,0.585215605749487,0.631715111855121,0.62571239231279,"8.2.1.6.3",0.608021004444254
9,"xgbDART","down","RF","DROP","UNKNOWN","HARD",4,"year1",0.637107849610444,0.560357675111773,0.630168776371308,0.621511735353909,"9.2.1.6.3",0.594238933809841
12,"xgbDART","down","RF","DROP","DROP","HARD",4,"year1",0.617568010076599,0.551626591230552,0.624637960996331,0.615868161739721,"12.2.1.6.3",0.586998219058294
13,"xgbDART","down","RF","MEDIAN","UNKNOWN","HARD",4,"year1",0.647476717733157,0.602291325695581,0.622065426555484,0.619385604968393,"13.2.1.6.3",0.612098530001085
16,"xgbDART","down","RF","MEDIAN","DROP","HARD",4,"year1",0.655175172347416,0.574948665297741,0.654086136052351,0.643870112657389,"16.2.1.6.3",0.613242163352338
1,"xgbDART","up","RF","DROP","UNKNOWN","LABEL",4,"year1",0.644568375181572,0.546944858420268,0.658649789029536,0.644797634448346,"1.2.2.6.3",0.600204228250101
4,"xgbDART","up","RF","DROP","DROP","LABEL",4,"year1",0.589202723543807,0.526166902404526,0.60166055223016,0.592592592592593,"4.2.2.6.3",0.56264897499768
5,"xgbDART","up","RF","MEDIAN","UNKNOWN","LABEL",4,"year1",0.660310335741259,0.586743044189853,0.639127645926876,0.632028390817345,"5.2.2.6.3",0.612375457213162
8,"xgbDART","up","RF","MEDIAN","DROP","LABEL",4,"year1",0.649197581808188,0.568788501026694,0.64739004717699,0.637243207422134,"8.2.2.6.3",0.606817941818962
9,"xgbDART","up","RF","DROP","UNKNOWN","HARD",4,"year1",0.647380319065316,0.563338301043219,0.656118143459916,0.644612825725374,"9.2.2.6.3",0.607960919977871
12,"xgbDART","up","RF","DROP","DROP","HARD",4,"year1",0.61875329948795,0.52050919377652,0.642015833172427,0.627420998980632,"12.2.2.6.3",0.578078838668517
13,"xgbDART","up","RF","MEDIAN","UNKNOWN","HARD",4,"year1",0.651153274004803,0.564648117839607,0.640153944836434,0.62992125984252,"13.2.2.6.3",0.601216866096995
16,"xgbDART","up","RF","MEDIAN","DROP","HARD",4,"year1",0.650566455119674,0.571868583162218,0.654086136052351,0.643472498343274,"16.2.2.6.3",0.611597344574278
1,"xgbDART","rose","RF","DROP","UNKNOWN","LABEL",4,"year1",0.570821621485659,0.125186289120715,0.917721518987342,0.819441877656625,"1.2.3.6.3",0.338948596999975
4,"xgbDART","rose","RF","DROP","DROP","LABEL",4,"year1",0.520652029343834,0.195190947666195,0.833751689515351,0.757050628610262,"4.2.3.6.3",0.403411430669475
5,"xgbDART","rose","RF","MEDIAN","UNKNOWN","LABEL",4,"year1",0.589485580269361,0.0891980360065466,0.962026940346376,0.843739602972164,"5.2.3.6.3",0.292934999042934
8,"xgbDART","rose","RF","MEDIAN","DROP","LABEL",4,"year1",0.566829173173021,0.0862422997946612,0.949627149596713,0.83817097415507,"8.2.3.6.3",0.286178317362915
9,"xgbDART","rose","RF","DROP","UNKNOWN","HARD",4,"year1",0.620874442704698,0.0700447093889717,0.975738396624473,0.863426353723896,"9.2.3.6.3",0.261429364133455
12,"xgbDART","rose","RF","DROP","DROP","HARD",4,"year1",0.570969613166872,0.0523338048090523,0.967368217802665,0.857458375807,"12.2.3.6.3",0.225002354407605
13,"xgbDART","rose","RF","MEDIAN","UNKNOWN","HARD",4,"year1",0.615238533660736,0.0736497545008183,0.973701090442591,0.851724520350449,"13.2.3.6.3",0.267792543339571
16,"xgbDART","rose","RF","MEDIAN","DROP","HARD",4,"year1",0.618980652653045,0.0739219712525667,0.980368284888145,0.863353214049039,"16.2.3.6.3",0.269203930455017
1,"xgbDART","smote","RF","DROP","UNKNOWN","LABEL",4,"year1",0.551857860614864,0.26080476900149,0.79662447257384,0.730179264461283,"1.2.4.6.3",0.455810773842122
4,"xgbDART","smote","RF","DROP","DROP","LABEL",4,"year1",0.533743468959756,0.265912305516266,0.79494110832207,0.731396534148828,"4.2.4.6.3",0.459765834815482
5,"xgbDART","smote","RF","MEDIAN","UNKNOWN","LABEL",4,"year1",0.575912420253446,0.274140752864157,0.811417575368826,0.738604857491405,"5.2.4.6.3",0.471638235302036
8,"xgbDART","smote","RF","MEDIAN","DROP","LABEL",4,"year1",0.567265412676007,0.270020533880903,0.803682848881449,0.734791252485089,"8.2.4.6.3",0.465844257156718
9,"xgbDART","smote","RF","DROP","UNKNOWN","HARD",4,"year1",0.558560810428418,0.292101341281669,0.787552742616034,0.726113472555905,"9.2.4.6.3",0.479630287250712
12,"xgbDART","smote","RF","DROP","DROP","HARD",4,"year1",0.527503766844287,0.24045261669024,0.784707472485036,0.719334012911995,"12.2.4.6.3",0.434378826711675
13,"xgbDART","smote","RF","MEDIAN","UNKNOWN","HARD",4,"year1",0.570813889889129,0.274959083469722,0.795381654906992,0.724853055339914,"13.2.4.6.3",0.467650949792532
16,"xgbDART","smote","RF","MEDIAN","DROP","HARD",4,"year1",0.574185402413754,0.276180698151951,0.802008826662608,0.734128561961564,"16.2.4.6.3",0.470637182627665
1,"xgbDART","none","RF","DROP","UNKNOWN","LABEL",5,"year1",0.561223960833253,0.0409090909090909,0.979303062302006,0.864504170528267,"1.2.10.4",0.200155934219458
4,"xgbDART","none","RF","DROP","DROP","LABEL",5,"year1",0.535661265160284,0.0420757363253857,0.975429017160686,0.861496319123438,"4.2.10.4",0.202587991080871
5,"xgbDART","none","RF","MEDIAN","UNKNOWN","LABEL",5,"year1",0.581507999065803,0.0762987012987013,0.965703275529865,0.84418320949318,"5.2.10.4",0.271444111674633
8,"xgbDART","none","RF","MEDIAN","DROP","LABEL",5,"year1",0.564380410860094,0.064128256513026,0.968841135840368,0.848662318647677,"8.2.10.4",0.249259087857479
9,"xgbDART","none","RF","DROP","UNKNOWN","HARD",5,"year1",0.580456945377748,0.0454545454545455,0.976135163674762,0.862279888785913,"9.2.10.4",0.210641354360996
12,"xgbDART","none","RF","DROP","DROP","HARD",5,"year1",0.535142429540098,0.0308555399719495,0.97581903276131,0.860469097757233,"12.2.10.4",0.17352067073048
13,"xgbDART","none","RF","MEDIAN","UNKNOWN","HARD",5,"year1",0.579205973859153,0.0698051948051948,0.966859344894027,0.844294111123434,"13.2.10.4",0.259791849216927
16,"xgbDART","none","RF","MEDIAN","DROP","HARD",5,"year1",0.576466978469601,0.062124248496994,0.972064466615503,0.851191268467989,"16.2.10.4",0.245741275489323
1,"xgbDART","down","RF","DROP","UNKNOWN","LABEL",5,"year1",0.621037406802982,0.58030303030303,0.59493136219641,0.593141797961075,"1.2.1.6.4",0.587571674185274
4,"xgbDART","down","RF","DROP","DROP","LABEL",5,"year1",0.565982653331379,0.527349228611501,0.561622464898596,0.55743879472693,"4.2.1.6.4",0.544216109312435
5,"xgbDART","down","RF","MEDIAN","UNKNOWN","LABEL",5,"year1",0.617118490854042,0.537337662337662,0.625433526011561,0.613396916934679,"5.2.1.6.4",0.579714575299477
8,"xgbDART","down","RF","MEDIAN","DROP","LABEL",5,"year1",0.59695292349857,0.525050100200401,0.620721412125863,0.608012777851724,"8.2.1.6.4",0.570885136987484
9,"xgbDART","down","RF","DROP","UNKNOWN","HARD",5,"year1",0.619773127259928,0.566666666666667,0.617106652587117,0.610936051899907,"9.2.1.6.4",0.591349109916779
12,"xgbDART","down","RF","DROP","DROP","HARD",5,"year1",0.576095298370139,0.546984572230014,0.555967238689548,0.554870741311419,"12.2.1.6.4",0.551457615985584
13,"xgbDART","down","RF","MEDIAN","UNKNOWN","HARD",5,"year1",0.627257192069331,0.560876623376623,0.618111753371869,0.610291671287568,"13.2.1.6.4",0.588799144955746
16,"xgbDART","down","RF","MEDIAN","DROP","HARD",5,"year1",0.607798098114879,0.56813627254509,0.597083653108212,0.59323838679622,"16.2.1.6.4",0.582430151240906
1,"xgbDART","up","RF","DROP","UNKNOWN","LABEL",5,"year1",0.62161146843301,0.528787878787879,0.631890179514256,0.619277108433735,"1.2.2.6.4",0.578044866469926
4,"xgbDART","up","RF","DROP","DROP","LABEL",5,"year1",0.587319734023583,0.502103786816269,0.624219968798752,0.609313473720253,"4.2.2.6.4",0.559842129658162
5,"xgbDART","up","RF","MEDIAN","UNKNOWN","LABEL",5,"year1",0.629591799497868,0.532467532467532,0.647784200385356,0.632028390817345,"5.2.2.6.4",0.587302353775842
8,"xgbDART","up","RF","MEDIAN","DROP","LABEL",5,"year1",0.606155672819161,0.513026052104208,0.648656945510361,0.630640223612405,"8.2.2.6.4",0.576869059601185
9,"xgbDART","up","RF","DROP","UNKNOWN","HARD",5,"year1",0.625524783206938,0.518181818181818,0.661246040126716,0.643744207599629,"9.2.2.6.4",0.585359441145685
12,"xgbDART","up","RF","DROP","DROP","HARD",5,"year1",0.583450620633521,0.524544179523142,0.59594383775351,0.587228214346858,"12.2.2.6.4",0.559105420664375
13,"xgbDART","up","RF","MEDIAN","UNKNOWN","HARD",5,"year1",0.644135147928501,0.548701298701299,0.642774566473988,0.62992125984252,"13.2.2.6.4",0.593878135139223
16,"xgbDART","up","RF","MEDIAN","DROP","HARD",5,"year1",0.624627228363096,0.520040080160321,0.665080583269378,0.645813922534274,"16.2.2.6.4",0.588105908690331
1,"xgbDART","rose","RF","DROP","UNKNOWN","LABEL",5,"year1",0.607940705897412,0.0878787878787879,0.962407602956705,0.855421686746988,"1.2.3.6.4",0.290818179612563
4,"xgbDART","rose","RF","DROP","DROP","LABEL",5,"year1",0.55084862581039,0.315568022440393,0.734009360374415,0.682931004964903,"4.2.3.6.4",0.481279422275762
5,"xgbDART","rose","RF","MEDIAN","UNKNOWN","LABEL",5,"year1",0.604007561160741,0.250811688311688,0.844958253050739,0.763779527559055,"5.2.3.6.4",0.460353566295028
8,"xgbDART","rose","RF","MEDIAN","DROP","LABEL",5,"year1",0.594858712051885,0.0771543086172345,0.973292402148887,0.854252628776787,"8.2.3.6.4",0.274032301691251
9,"xgbDART","rose","RF","DROP","UNKNOWN","HARD",5,"year1",0.609005151835141,0.0984848484848485,0.959662090813094,0.854309545875811,"9.2.3.6.4",0.307428325972706
12,"xgbDART","rose","RF","DROP","DROP","HARD",5,"year1",0.573071720204011,0.17531556802244,0.871294851794072,0.786337955829481,"12.2.3.6.4",0.390834430235241
13,"xgbDART","rose","RF","MEDIAN","UNKNOWN","HARD",5,"year1",0.602024476807714,0.276785714285714,0.828387925497752,0.753022069424421,"13.2.3.6.4",0.478838118433105
16,"xgbDART","rose","RF","MEDIAN","DROP","HARD",5,"year1",0.594671538010787,0.0731462925851703,0.97544128933231,0.855583654998003,"16.2.3.6.4",0.267114046708811
1,"xgbDART","smote","RF","DROP","UNKNOWN","LABEL",5,"year1",0.5648628843877,0.254545454545455,0.82259767687434,0.753104726598703,"1.2.4.6.4",0.457589881409121
4,"xgbDART","smote","RF","DROP","DROP","LABEL",5,"year1",0.536750902013641,0.20617110799439,0.827028081123245,0.751241225817497,"4.2.4.6.4",0.412927712593444
5,"xgbDART","smote","RF","MEDIAN","UNKNOWN","LABEL",5,"year1",0.574611880572864,0.238636363636364,0.838535645472062,0.756570921592547,"5.2.4.6.4",0.44733108232597
8,"xgbDART","smote","RF","MEDIAN","DROP","LABEL",5,"year1",0.562460915691706,0.246492985971944,0.816884113584037,0.741115399973379,"8.2.4.6.4",0.448727316251612
9,"xgbDART","smote","RF","DROP","UNKNOWN","HARD",5,"year1",0.569936322037695,0.263636363636364,0.818796198521647,0.750880444856348,"9.2.4.6.4",0.464612152593456
12,"xgbDART","smote","RF","DROP","DROP","HARD",5,"year1",0.544006395599442,0.221598877980365,0.817472698907956,0.744735490498202,"12.2.4.6.4",0.42561841226336
13,"xgbDART","smote","RF","MEDIAN","UNKNOWN","HARD",5,"year1",0.582488072300211,0.282467532467532,0.820166987797046,0.746700676499945,"13.2.4.6.4",0.481321665058161
16,"xgbDART","smote","RF","MEDIAN","DROP","HARD",5,"year1",0.559746968995551,0.255511022044088,0.822256331542594,0.746971915346732,"16.2.4.6.4",0.458361817404843
